Node,Hub,Authority
35,0.0128294188,0.9733959166
1033,0.0775693124,0.0000060849
103482,0.0737409529,0.0058187770
103515,0.0746829032,0.0306609413
1050679,0.0767984275,0.0000000000
1103960,0.0805133226,0.0000000000
1103985,0.0785544836,0.0000000000
1109199,0.0748967063,0.0000000000
1112911,0.0778402874,0.0000000000
1113438,0.0775079738,0.0000000000
1113831,0.0746253818,0.0000000000
1114331,0.0816167691,0.0000000000
1117476,0.0790852171,0.0000000000
1119505,0.0741665972,0.0000000000
1119708,0.0876358649,0.0000000000
1120431,0.0755483297,0.0000000000
1123756,0.0791935363,0.0000000000
1125386,0.0767231514,0.0000000000
1127430,0.0797697803,0.0000000000
1127913,0.0844860542,0.0000000000
1128204,0.0750992493,0.0000000000
1128227,0.0750327992,0.0000000000
1128314,0.0765027665,0.0000000000
1128453,0.0782469692,0.0000000000
1128945,0.0737409529,0.0000000000
1128959,0.0742070122,0.0000000000
1128985,0.0787986130,0.0000000000
1129018,0.0742248331,0.0000000000
1129027,0.0797697803,0.0000000000
1129573,0.0783121589,0.0000000000
1129683,0.0830837781,0.0000000000
1129778,0.0778893932,0.0000000000
1130847,0.0787224904,0.0000000000
1130856,0.0782706998,0.0000000000
1131116,0.0755144967,0.0000000000
1131360,0.0794894738,0.0000000000
1131557,0.0741690684,0.0000000000
1131752,0.0741665972,0.0000000000
1133196,0.0742304408,0.0000000000
1133338,0.0785544836,0.0000000000
1136814,0.0804461638,0.0000000000
1137466,0.0737409529,0.0000000000
1152421,0.0912583148,0.0000000000
1152508,0.0737409529,0.0000000000
1153065,0.0785544836,0.0000000000
1153280,0.0912583148,0.0000000000
1153577,0.0792873340,0.0000000000
1153853,0.0770357511,0.0000000000
1153943,0.0896940935,0.0000000000
1154176,0.0760165177,0.0000000000
1154459,0.0912583148,0.0000000000
116552,0.0741724808,0.0002266756
12576,0.0783143759,0.0338432613
128540,0.0774265844,0.0058655579
132806,0.0745527911,0.0173165854
135130,0.0783121589,0.0006427452
141342,0.0737409529,0.0251257069
141347,0.0773403521,0.0066389758
148170,0.0737409529,0.0057502095
15670,0.0737409529,0.0000000000
1688,0.0750992493,0.0635396059
175291,0.0755583571,0.0000368822
178727,0.0737409529,0.0000690074
18582,0.0760818058,0.0000000000
190697,0.0793264644,0.0000000000
190706,0.0775693124,0.0005079783
1956,0.0755334596,0.0000423776
197054,0.0784377522,0.0000773315
198443,0.0759855809,0.0060094857
198653,0.0772030448,0.0061795896
206371,0.0750353740,0.0057178107
210871,0.0780750408,0.0457003329
229635,0.0772959446,0.0000000000
231249,0.0737409529,0.0070384034
248425,0.0742103471,0.0060212965
249421,0.0746048801,0.0000671833
254923,0.0747358508,0.0001671998
259701,0.0737409529,0.0061829909
259702,0.0821012699,0.0119036957
263279,0.0777828483,0.0001420556
263498,0.0756869147,0.0004501769
265203,0.0759375286,0.0056512125
273152,0.0865703717,0.0059146824
27510,0.0741817624,0.0002055555
28290,0.0763047960,0.0017639514
286500,0.0751248717,0.0000000000
287787,0.0742449700,0.0597936002
28851,0.0737409529,0.0062364028
289779,0.0759651787,0.0119228419
289780,0.0782337983,0.0120966998
289781,0.0759651787,0.0180234091
307015,0.0816300883,0.0060935990
335733,0.0742025820,0.0000351732
33904,0.0773462755,0.0061684061
33907,0.0793536849,0.0249705722
35061,0.0761423872,0.0256871000
38205,0.0793996204,0.0012793882
387795,0.0774265844,0.0058655579
415693,0.0801246712,0.0056617175
41714,0.0760086337,0.0369618413
427606,0.0737409529,0.0059228472
44368,0.0821538828,0.0056842132
45599,0.0750527948,0.0000000000
46079,0.0737409529,0.0062780330
46431,0.0763734492,0.0000000000
486840,0.0746301862,0.0000736132
48766,0.0769987566,0.0004013679
503883,0.0782706998,0.0193157350
503893,0.0742436248,0.0175530804
513189,0.0826298727,0.0126693897
54129,0.0737409529,0.0128820398
54131,0.0779148310,0.0136712859
56119,0.0798903668,0.0014306500
561238,0.0797697803,0.0000000000
568857,0.0832050568,0.0004171355
573964,0.0747007401,0.0131973620
573978,0.0821012699,0.0000000000
574009,0.0737409529,0.0056185929
574264,0.0737409529,0.0056842672
574462,0.0797697803,0.0000000000
575077,0.0772030448,0.0185466778
575292,0.0761141170,0.0000348498
575331,0.0742449700,0.0000000000
576725,0.0785544836,0.0056514033
576795,0.0745997023,0.0000000000
577227,0.0737409529,0.0056185929
578780,0.0776347091,0.0000000000
579008,0.0770281544,0.0061961002
592973,0.0737409529,0.0001295005
593091,0.0830732562,0.0000000000
593105,0.0765899641,0.0000000000
593240,0.0755326299,0.0000816434
593260,0.0765309864,0.0000000000
593813,0.0788787948,0.0000000000
594047,0.0765410483,0.0003766999
594543,0.0747168497,0.0000000000
594649,0.0765392613,0.0000000000
594900,0.0741665972,0.0000000000
608326,0.0816300883,0.0063317618
634902,0.0782706998,0.0059983543
634904,0.0782706998,0.0059983543
634938,0.0782706998,0.0059637308
634975,0.0791795270,0.0000000000
640617,0.0797697803,0.0062196949
646809,0.0761845191,0.0004496261
646837,0.0750707108,0.0000000000
647408,0.0751979045,0.0000000000
647447,0.0807142659,0.0001114934
66556,0.0811748095,0.0181987148
66563,0.0766544390,0.0000000497
66805,0.0742219451,0.0000000000
69284,0.0823957439,0.0114022189
69296,0.0754762928,0.0056844082
694759,0.0785544836,0.0000000000
735303,0.0741904674,0.0000000000
78511,0.0765579905,0.0059336838
787016,0.0757005245,0.0062196949
801170,0.0791502006,0.0000000000
81722,0.0741665972,0.0000000000
82098,0.0758787815,0.0003382257
84021,0.0874678460,0.0244728092
85352,0.0737409529,0.0795817747
86359,0.0745971838,0.0000926483
8865,0.0737409529,0.0124339394
887,0.0776711882,0.0289952551
97645,0.0737409529,0.0123048769
98698,0.0834840598,0.0066262473
40,0.0019034327,0.0056962579
1109017,0.0004315279,0.0000000000
1114442,0.0005877766,0.0000000000
114,0.0000000000,0.0045831655
1103315,0.0018487781,0.0000000000
1105394,0.0003492083,0.0000000000
1106112,0.0003638906,0.0000000000
1106172,0.0010840335,0.0000000000
1106406,0.0018203210,0.0000000000
1107455,0.0018363612,0.0000000000
1111052,0.0018862537,0.0000000000
1114125,0.0003737927,0.0000000000
1117942,0.0017657104,0.0000000000
1118245,0.0004003452,0.0000000000
1118332,0.0003492083,0.0000000000
1120170,0.0003620107,0.0000000000
1126029,0.0010811237,0.0000000000
124064,0.0033067556,0.0004268048
128,0.0025854323,0.0003509755
130,0.0004251734,0.0002618963
136665,0.0003472040,0.0001182325
191404,0.0003472040,0.0000000000
193742,0.0026973292,0.0001178941
23258,0.0015606422,0.0000779469
28227,0.0018560188,0.0001131661
28287,0.0017996274,0.0128516864
28350,0.0017549806,0.0013337256
28387,0.0005016258,0.0000036812
28471,0.0023404481,0.0001724009
28485,0.0018323932,0.0001928749
341188,0.0006081528,0.0001416362
38480,0.0026570069,0.0000005773
39403,0.0004981084,0.0000322124
434,0.0018430703,0.0000000000
55968,0.0018047895,0.0000068414
58540,0.0017890444,0.0000064211
6155,0.0034174675,0.0000819058
6170,0.0004516795,0.0000000000
6196,0.0018791805,0.0004496492
6220,0.0019169724,0.0005650424
64484,0.0003472040,0.0000264572
7432,0.0003703165,0.0000000000
755217,0.0018722322,0.0000000000
8213,0.0004432302,0.0000000000
91975,0.0022756218,0.0001163110
976334,0.0034455699,0.0000000000
117,0.0000000000,0.0013790974
1109581,0.0001434405,0.0000000000
149669,0.0008351668,0.0000002057
17476,0.0023536044,0.0005808008
189708,0.0001044754,0.0000632712
206259,0.0001428874,0.0000000000
28202,0.0015944992,0.0001117772
28278,0.0031308575,0.0000036812
32872,0.0001198117,0.0000303315
33013,0.0001551068,0.0000000000
6214,0.0024546006,0.0095059753
75674,0.0001120519,0.0001163420
20526,0.0014851661,0.0001412802
13960,0.0021919285,0.0000000000
345340,0.0007668945,0.0000000000
288,0.0000377508,0.0000647396
1118092,0.0000160401,0.0000000000
36167,0.0008385113,0.0000021338
424,0.0000040538,0.0000439045
1135125,0.0005728573,0.0000000000
218666,0.0000033260,0.0000000000
47684,0.0000033649,0.0000000000
267003,0.0000000000,0.0000006316
463,0.0000000000,0.0000000000
58454,0.0000000000,0.0000034265
504,0.0000000000,0.0000000000
1102364,0.0000000000,0.0000000000
1112650,0.0000000000,0.0000000000
506,0.0000000000,0.0000000000
89416,0.0000000000,0.0000000000
1106546,0.0000000000,0.0000000000
10796,0.0036459332,0.0004674954
1105033,0.0022405750,0.0000000000
1111304,0.0036690427,0.0000000000
1113614,0.0036422690,0.0000000000
114308,0.0021965756,0.0000002379
134128,0.0037417613,0.0005005098
161221,0.0040235962,0.0000000069
170798,0.0022241726,0.0000000000
19045,0.0022685641,0.0002158692
20972,0.0022094028,0.0000000000
28456,0.0028098715,0.0000000000
299195,0.0036251575,0.0000000000
299197,0.0041736897,0.0000000000
334153,0.0022224590,0.0000019722
35490,0.0021965756,0.0000000369
595056,0.0042466814,0.0000000000
6151,0.0044161904,0.0017227651
6213,0.0031389243,0.0185829430
6215,0.0043244905,0.0001954512
64519,0.0021965756,0.0000412130
87363,0.0022386243,0.0000012460
906,0.0000000000,0.0000766692
1103979,0.0000059167,0.0000000000
1105344,0.0001375555,0.0000000000
1114352,0.0005034376,0.0000000000
1136397,0.0001422469,0.0000000000
1140040,0.0000929812,0.0000000000
34355,0.0000924372,0.0000004483
910,0.0000374197,0.0011435208
1104379,0.0000950507,0.0000000000
1105530,0.0000871291,0.0000000000
1108834,0.0023386357,0.0000000000
1110520,0.0000873451,0.0000000000
1114118,0.0000871291,0.0000000000
1116569,0.0000871291,0.0000000000
1118848,0.0001118896,0.0000000000
1120858,0.0000975587,0.0000000000
1122460,0.0000871291,0.0000000000
1126044,0.0002526252,0.0000000000
1129111,0.0000883073,0.0000000000
1135137,0.0006493240,0.0000000000
1152194,0.0001309578,0.0000000000
12439,0.0001165475,0.0000109957
12946,0.0001621249,0.0000000000
131042,0.0001378836,0.0000005365
13136,0.0000866290,0.0000078410
160705,0.0000919714,0.0000000000
227286,0.0000895190,0.0000009457
242637,0.0001053873,0.0000000000
31043,0.0000945071,0.0000000000
340075,0.0005139881,0.0000000000
340078,0.0000874620,0.0000059366
35905,0.0000872479,0.0000075794
42847,0.0002606378,0.0000072012
436796,0.0005058731,0.0000000000
48550,0.0022504406,0.0000087908
5462,0.0000866290,0.0000221540
576257,0.0000877571,0.0125932370
58552,0.0000871320,0.0000000386
5869,0.0000913774,0.0000094523
636511,0.0000884193,0.0000000000
67292,0.0000866290,0.0000066010
675649,0.0001316319,0.0000000582
684372,0.0002314080,0.0000000000
94953,0.0000866290,0.0000000000
936,0.0000000000,0.0060838295
1107010,0.0004808562,0.0000000000
1111899,0.0004669158,0.0000000000
129558,0.0004664345,0.0000000000
207395,0.0009500990,0.0000000000
3084,0.0014512788,0.0000000076
3828,0.0004775528,0.0059038735
38845,0.0004812210,0.0000366449
940,0.0000055456,0.0000374477
20180,0.0000083825,0.0000002758
28265,0.0000083825,0.0000000016
941,0.0000000000,0.0000732032
943,0.0000000210,0.0001093152
1152896,0.0009567687,0.0000000000
91852,0.0000086622,0.0000000097
1026,0.0000000000,0.0001030082
1034,0.0000250962,0.0000005946
1102550,0.0013111077,0.0000000000
1105231,0.0000078486,0.0000000000
1129798,0.0000078035,0.0000000000
1153945,0.0000078486,0.0000000000
1107062,0.0000552256,0.0000000000
1035,0.0019174974,0.0002221824
1110515,0.0028525316,0.0000000000
1213,0.0000000000,0.0000000000
1154525,0.0000000000,0.0000000000
409725,0.0000000000,0.0000000000
8766,0.0000000000,0.0000000000
1237,0.0000000000,0.0000285403
102938,0.0000022000,0.0000001667
1102400,0.0000084144,0.0000000000
143676,0.0000022000,0.0000001667
1246,0.0000000000,0.0000818940
1104007,0.0000207612,0.0000000000
42207,0.0000141308,0.0000013303
57764,0.0005187881,0.0000009889
6125,0.0005189225,0.0000424831
1272,0.0012870865,0.0074711410
1102625,0.0006133842,0.0000000000
1108167,0.0005806573,0.0000000000
1120962,0.0010788806,0.0000000000
112378,0.0005972259,0.0000111785
1123867,0.0007021408,0.0000000000
1128256,0.0005692536,0.0000000000
1129208,0.0006223094,0.0000000000
1135358,0.0006014024,0.0000000000
157805,0.0005797827,0.0000016962
18615,0.0006185007,0.0000473531
192734,0.0005912254,0.0000000000
20593,0.0005794567,0.0000000000
27230,0.0006063553,0.0000000000
284414,0.0005659866,0.0000000034
30895,0.0012622488,0.0005901584
30901,0.0006599906,0.0000000000
444240,0.0011153194,0.0000000000
520471,0.0005659866,0.0000000000
52835,0.0005857747,0.0001262926
552469,0.0007021408,0.0000000000
560936,0.0010085653,0.0000337469
591016,0.0006028755,0.0000029628
636098,0.0023596613,0.0000000000
65653,0.0011267135,0.0000383260
6917,0.0006256617,0.0000030262
6923,0.0006097628,0.0000471929
85452,0.0007021408,0.0000023810
85688,0.0005659866,0.0001094215
93923,0.0005764491,0.0000011683
97892,0.0013359954,0.0000000000
1365,0.0000000000,0.0055341091
1031453,0.0012310823,0.0000000000
1102407,0.0004192441,0.0000000000
1105062,0.0004192441,0.0000000000
1106287,0.0005692916,0.0000000000
1108050,0.0004301738,0.0000000000
1110494,0.0004192441,0.0000000000
1110998,0.0009109971,0.0000000000
1113995,0.0009172457,0.0000000000
1114153,0.0005626950,0.0000000000
1114388,0.0008650181,0.0000000000
1114605,0.0004216642,0.0000000000
1116347,0.0027275684,0.0000000000
1116594,0.0004241695,0.0000000000
1117653,0.0004216938,0.0000000000
1119140,0.0008650469,0.0000000000
1120211,0.0004229923,0.0000000000
1120866,0.0004192441,0.0000000000
1128839,0.0033689109,0.0000000000
1129443,0.0004192441,0.0000000000
1130600,0.0019738776,0.0000000000
1131647,0.0025570727,0.0000000000
1131745,0.0004232006,0.0000000000
1131748,0.0025570727,0.0000000000
1132922,0.0004192441,0.0000000000
1132968,0.0004358936,0.0000000000
1135368,0.0004192441,0.0000000000
1136422,0.0004654163,0.0000000000
1136442,0.0004192441,0.0000000000
1152143,0.0004401523,0.0000000000
1152821,0.0004192441,0.0000000000
1154169,0.0025570727,0.0000000000
120084,0.0004268210,0.0000003123
139865,0.0004341918,0.0000013388
157401,0.0025570727,0.0000000000
171225,0.0004249452,0.0000000000
184918,0.0005869578,0.0000752561
188318,0.0009057688,0.0000690157
188471,0.0019738776,0.0001486755
22835,0.0004192441,0.0000332844
23448,0.0005859254,0.0000000000
23502,0.0026108419,0.0000780158
23507,0.0004428109,0.0004675063
237521,0.0004192441,0.0000002021
26850,0.0004192441,0.0000319455
330148,0.0005683961,0.0002422588
340299,0.0004241695,0.0000000000
39904,0.0004217656,0.0000000000
49482,0.0027005235,0.0000570317
562123,0.0004393469,0.0000764071
628500,0.0019624837,0.0002990775
648232,0.0004192441,0.0000741821
649731,0.0004546607,0.0000239184
69392,0.0005137225,0.0000069415
7276,0.0005727370,0.0000007697
7297,0.0005736928,0.0000444154
77758,0.0004192441,0.0000522272
782486,0.0012500445,0.0000000000
83826,0.0027005235,0.0000431298
85299,0.0004192441,0.0062005527
853150,0.0004192441,0.0000000000
90888,0.0025570727,0.0001071200
93555,0.0004192441,0.0000004984
948299,0.0027005235,0.0000000000
948846,0.0004192441,0.0000000000
949318,0.0004192441,0.0000000000
949511,0.0025570727,0.0000000000
950052,0.0005626950,0.0000000000
950305,0.0004216642,0.0000000000
1481,0.0000000000,0.0004170385
1102567,0.0000317757,0.0000000000
1106052,0.0000377148,0.0000000000
1108267,0.0005376396,0.0000000000
1111614,0.0000315933,0.0000000000
1113934,0.0000800094,0.0000000000
1114864,0.0000440563,0.0000000000
1117184,0.0000323966,0.0000000000
1119295,0.0000689260,0.0000000000
1120563,0.0000325965,0.0000000000
1153891,0.0000322287,0.0000000000
200480,0.0022521889,0.0000000000
399173,0.0000315933,0.0000000000
4878,0.0000315933,0.0000024073
521207,0.0000368715,0.0000024073
521269,0.0000317757,0.0000000000
1134022,0.0067052109,0.0000000000
152483,0.0108423580,0.0063311207
1694,0.0048413151,0.0004019337
39474,0.0053056087,0.0003667605
647413,0.0063160264,0.0000000000
1717,0.0000952495,0.0000062501
1115291,0.0000004832,0.0000000000
1116336,0.0000025417,0.0000000000
1135108,0.0000780376,0.0000000000
50381,0.0000009633,0.0000013022
733167,0.0000004735,0.0000017701
1786,0.0000230716,0.0000082344
35797,0.0001086921,0.0062166715
1817,0.0000032104,0.0001420556
1114502,0.0018751639,0.0000000000
1919,0.0000001762,0.0000111627
1108389,0.0000038963,0.0000000000
1949,0.0000086093,0.0000002213
129042,0.0000000168,0.0000000055
3101,0.0000029046,0.0000718654
1951,0.0000000000,0.0000000037
3095,0.0000000489,0.0000707600
1952,0.0000000714,0.0000371784
1107215,0.0000123320,0.0000000000
1953,0.0000000000,0.0000028615
1153166,0.0000004140,0.0000000000
1153724,0.0000004140,0.0000000000
1153728,0.0000283353,0.0000000000
1955,0.0000000000,0.0116737571
110163,0.0009059661,0.0000020994
1110390,0.0009334503,0.0000000000
101143,0.0000311519,0.0000023994
1118302,0.0000034645,0.0000000000
1153101,0.0000197619,0.0000000000
1153150,0.0000197619,0.0000000000
263486,0.0000034645,0.0000028301
83449,0.0000116617,0.0000004132
1959,0.0000000000,0.0003642860
3097,0.0000281073,0.0000009421
310530,0.0004920339,0.0000031966
38839,0.0000421962,0.0000372747
73327,0.0000281746,0.0000026039
82664,0.0000275970,0.0000021883
1997,0.0000149217,0.0000195188
1102442,0.0000282500,0.0000000000
1108551,0.0000383675,0.0000000000
1109439,0.0000785972,0.0000000000
1109542,0.0000014787,0.0000000000
129897,0.0000356534,0.0000000000
154982,0.0000128659,0.0003387769
3233,0.0000225889,0.0001935117
49811,0.0000383675,0.0000030655
7032,0.0000014787,0.0000214183
1999,0.0000000000,0.0003533876
1123068,0.0000725954,0.0000000000
1131471,0.0016941322,0.0000000000
39126,0.0018422249,0.0001827992
6771,0.0010275833,0.0000853558
2354,0.0000003799,0.0001228035
10186,0.0000181671,0.0000047037
1107140,0.0000236736,0.0000000000
1113852,0.0000096831,0.0000000000
1130539,0.0010129240,0.0000000000
154134,0.0005377581,0.0000000000
40151,0.0000093031,0.0004983185
74749,0.0000095211,0.0000021386
2440,0.0000063745,0.0004869403
1000012,0.0000633991,0.0000000000
1061127,0.0000368888,0.0000000000
1106388,0.0000970796,0.0000000000
1107095,0.0000373172,0.0000000000
1110426,0.0005960701,0.0000000000
1114512,0.0000373574,0.0000000000
1117786,0.0000381528,0.0000000000
1120650,0.0000420756,0.0000000000
1127619,0.0000371030,0.0000000000
1153254,0.0000368888,0.0000000000
136766,0.0000453335,0.0000015456
136768,0.0000446960,0.0000034343
151430,0.0000373115,0.0000003768
212777,0.0000789282,0.0000000000
23546,0.0000368888,0.0000459354
49843,0.0006031334,0.0000972603
49844,0.0005950958,0.0000012102
49847,0.0005916805,0.0000450823
582343,0.0000451606,0.0000000000
591017,0.0000381712,0.0000000711
63931,0.0000432633,0.0000125508
72908,0.0000368888,0.0000909144
2653,0.0000000000,0.0064622049
102406,0.0004985815,0.0000000000
107177,0.0004895533,0.0000380455
1104055,0.0005637629,0.0000000000
1116268,0.0015054409,0.0000000000
1116842,0.0005032125,0.0000000000
1118764,0.0005272714,0.0000000000
1119751,0.0005022079,0.0000000000
1152075,0.0005032125,0.0000000000
167656,0.0005168811,0.0000000000
197783,0.0005061171,0.0000000000
28641,0.0005126446,0.0000000000
321861,0.0005063701,0.0000000000
350362,0.0005436493,0.0000000000
4660,0.0005165105,0.0000544747
59045,0.0004925155,0.0000043889
65650,0.0005372389,0.0000455374
2654,0.0000000000,0.0001803043
1104851,0.0000236475,0.0000000000
1106630,0.0000307151,0.0000000000
1107861,0.0000642811,0.0000000000
1110438,0.0001012452,0.0000000000
1121867,0.0000579338,0.0000000000
1123926,0.0000285516,0.0000000000
211906,0.0000136592,0.0000000000
27250,0.0000427448,0.0000000000
463825,0.0000178766,0.0000000000
52784,0.0004868531,0.0000017915
2658,0.0000058196,0.0000057853
1115375,0.0000057522,0.0000000000
1130676,0.0000057856,0.0000000000
1130808,0.0000061756,0.0000000000
1131607,0.0000058262,0.0000000000
1132948,0.0000061756,0.0000000000
1135899,0.0000005485,0.0000000000
1140230,0.0000008947,0.0000000000
230884,0.0000061756,0.0000014130
236759,0.0000011245,0.0000000000
282700,0.0000004383,0.0000004358
395540,0.0000057192,0.0000004383
578347,0.0000058858,0.0000004497
696342,0.0000009769,0.0000000000
696345,0.0000063232,0.0000010855
696346,0.0000064054,0.0000000000
751408,0.0000062826,0.0000000416
99023,0.0000058668,0.0000013082
2663,0.0000013225,0.0000000000
1119671,0.0000000000,0.0000000000
2665,0.0000026669,0.0000697090
1105574,0.0000053923,0.0000000000
1113035,0.0000101775,0.0000000000
1122704,0.0000053114,0.0000000000
1132486,0.0000059919,0.0000000000
205192,0.0000057373,0.0000338855
237489,0.0000078619,0.0000004142
43639,0.0000052809,0.0000012410
578306,0.0000054453,0.0000004459
578309,0.0000059358,0.0000004459
578337,0.0000083523,0.0000019481
582139,0.0000053520,0.0000001240
630817,0.0000052809,0.0000004383
631052,0.0001704317,0.0000000000
763009,0.0001594757,0.0000005366
2695,0.0000113204,0.0000020908
1108169,0.0000049351,0.0000000000
1120197,0.0000063397,0.0000000000
2698,0.0000049068,0.0000043000
342802,0.0000114138,0.0000008577
2696,0.0000061813,0.0000626794
1114192,0.0000113204,0.0000000000
1118083,0.0000115237,0.0000000000
1123239,0.0000109297,0.0000000000
1133004,0.0000073293,0.0000000000
256106,0.0000112554,0.0000008577
469504,0.0000049364,0.0000000000
5348,0.0000047484,0.0000815949
99025,0.0000114435,0.0000000000
2702,0.0000000000,0.0000061028
1120777,0.0000022759,0.0000000000
12330,0.0000004623,0.0000125202
395553,0.0000773541,0.0000018283
72056,0.0000004623,0.0000000635
1107171,0.0000000329,0.0000000000
255233,0.0000000331,0.0000000026
33303,0.0000000337,0.0000000000
3085,0.0000035641,0.0000407993
15889,0.0000030908,0.0000032198
221302,0.0000035412,0.0000024416
30973,0.0000065937,0.0000000000
395725,0.0005070785,0.0000381662
5062,0.0000065937,0.0000054331
110162,0.0000110271,0.0000698967
218682,0.0000053918,0.0000000024
1106236,0.0000007790,0.0000000000
129045,0.0000000718,0.0000000001
110164,0.0000166847,0.0000000000
70441,0.0000149598,0.0000000000
3112,0.0000000647,0.0000726622
103529,0.0000055366,0.0000000025
1152564,0.0000057485,0.0000000000
470511,0.0000055693,0.0000000000
77826,0.0000055372,0.0000004268
77829,0.0000055046,0.0000004268
3187,0.0000004499,0.0000030675
1110000,0.0000003623,0.0000000000
129896,0.0000023443,0.0000000000
280876,0.0000002365,0.0000000366
5086,0.0000018943,0.0000059389
3191,0.0000203083,0.0000183151
105865,0.0000016620,0.0000012112
1106789,0.0000015051,0.0000000000
1127530,0.0000018361,0.0000000000
1131267,0.0000457163,0.0000000000
137873,0.0000785060,0.0000000000
162664,0.0000071473,0.0000049733
308920,0.0000282151,0.0000000000
310742,0.0000016867,0.0000000000
3192,0.0000156602,0.0000036232
423463,0.0000021119,0.0000000000
561364,0.0000021119,0.0000011899
642827,0.0000157061,0.0000000000
3217,0.0000000000,0.0002276507
167670,0.0017306422,0.0000054996
238099,0.0000221912,0.0000012102
86840,0.0000620895,0.0000000000
3218,0.0000000000,0.0001552037
1106492,0.0000316469,0.0000000000
1119987,0.0000173806,0.0000000000
1120169,0.0000157150,0.0000000000
1152290,0.0000157150,0.0000000000
1153264,0.0000188210,0.0000000000
187354,0.0000153328,0.0000041338
277263,0.0000318459,0.0000000000
35070,0.0000188210,0.0000000000
417017,0.0000712277,0.0000000000
6639,0.0005591812,0.0000046093
66782,0.0000117577,0.0000002772
6767,0.0000266501,0.0001499071
6941,0.0000154213,0.0000000333
3220,0.0000148924,0.0002933972
1115677,0.0000229738,0.0000000000
1125992,0.0000367403,0.0000000000
1128430,0.0000512917,0.0000000000
1130634,0.0000225788,0.0000000000
1131728,0.0000526688,0.0000000000
1132706,0.0000299124,0.0000000000
120039,0.0000257203,0.0000000000
145215,0.0000276756,0.0000056274
346243,0.0000234020,0.0000034403
36620,0.0000242074,0.0000058679
39124,0.0016911344,0.0000000000
40922,0.0000222267,0.0000000000
429805,0.0000272400,0.0000000000
654177,0.0000279305,0.0000039900
69397,0.0000343303,0.0000000000
8832,0.0000222267,0.0001270348
3222,0.0000000000,0.0000527281
1103737,0.0001055375,0.0000000000
1114222,0.0000252655,0.0000000000
1131137,0.0000266417,0.0000000000
1132157,0.0000172187,0.0000000000
964248,0.0000044734,0.0000000000
3223,0.0000000000,0.0001745629
3229,0.0000532834,0.0282197820
100197,0.0021378286,0.0002064537
1105718,0.0021966073,0.0000000000
1106568,0.0021502406,0.0000000000
1108209,0.0021502402,0.0000000000
1109392,0.0021883457,0.0000000000
1112767,0.0021502402,0.0000000000
1125082,0.0021378286,0.0000000000
1125895,0.0021523530,0.0000000000
1126037,0.0021527763,0.0000000000
1128868,0.0021506267,0.0000000000
1130915,0.0021501685,0.0000000000
1130927,0.0021634931,0.0000000000
1130931,0.0021634931,0.0000000000
1132418,0.0022024704,0.0000000000
1140289,0.0021501685,0.0000000000
1152277,0.0023617382,0.0000000000
1152673,0.0023617382,0.0000000000
1154251,0.0023617382,0.0000000000
118559,0.0021378286,0.0001638355
133550,0.0021506098,0.0000372753
16461,0.0021505206,0.0000342630
189577,0.0021913075,0.0000000000
25181,0.0022266585,0.0011929216
25184,0.0039357847,0.0000000000
27174,0.0023170299,0.0006608583
27631,0.0029545282,0.0001420756
31769,0.0026665257,0.0000011796
33412,0.0021378286,0.0000104953
35343,0.0022006697,0.0000264572
35863,0.0035660714,0.0001693208
35922,0.0021945547,0.0003599514
390922,0.0021790528,0.0000000000
396412,0.0022047241,0.0000000000
444191,0.0021501685,0.0000000195
447250,0.0021956817,0.0000000000
52515,0.0021501685,0.0000000432
62347,0.0022812795,0.0000000000
641976,0.0021948263,0.0000001375
654326,0.0021502406,0.0000009512
7022,0.0021378286,0.0000000000
72101,0.0021532112,0.0000000000
82087,0.0044646388,0.0000000000
919885,0.0021378286,0.0000000000
92065,0.0021821574,0.0000033776
96335,0.0024087073,0.0000000000
3231,0.0007227345,0.0218796146
104840,0.0017088529,0.0000000000
1102761,0.0016768856,0.0000000000
1106330,0.0017268519,0.0000000000
1106370,0.0017125932,0.0000000000
1107067,0.0023690158,0.0000000000
1113926,0.0016670879,0.0000000000
1115471,0.0016670879,0.0000000000
1128536,0.0017019896,0.0000000000
1153169,0.0021941868,0.0000000000
180399,0.0016670879,0.0000000000
20850,0.0023748101,0.0000000000
259126,0.0017936746,0.0000000000
3237,0.0017082424,0.0000003389
328370,0.0017330164,0.0000000000
49660,0.0018512135,0.0002617564
6334,0.0018298934,0.0070841078
63477,0.0018040280,0.0000000000
63486,0.0038453015,0.0000011304
66594,0.0017469963,0.0001270300
68463,0.0022379184,0.0000000000
8699,0.0017366678,0.0001333683
8821,0.0016768227,0.0001285893
3232,0.0000000000,0.0005870015
20942,0.0000798849,0.0000000000
521251,0.0000454128,0.0000027833
1125467,0.0000350845,0.0000000000
192850,0.0000390269,0.0000034277
272720,0.0000452457,0.0000029566
509379,0.0000147454,0.0000000017
976284,0.0005275649,0.0000000000
3235,0.0000000000,0.0000872698
3236,0.0000000000,0.0002696113
601561,0.0000623638,0.0000000000
3240,0.0000000432,0.0000059832
1110531,0.0000005711,0.0000000000
39130,0.0000004965,0.0000155139
3243,0.0000000000,0.0005493025
1103610,0.0000418548,0.0000000000
1110947,0.0000863692,0.0000000000
1113739,0.0009823447,0.0000000000
307336,0.0000423638,0.0000000000
31932,0.0000426112,0.0000001308
368431,0.0005753375,0.0000499986
854434,0.0000416132,0.0000000000
3932,0.0000174537,0.0000000000
5075,0.0000000000,0.0000025933
4274,0.0000000000,0.0000049086
1105428,0.0000320517,0.0000000000
1114664,0.0000008621,0.0000000000
1119078,0.0000318758,0.0000000000
4329,0.0000754959,0.0002980086
105899,0.0000317919,0.0002779597
1110768,0.0000225761,0.0000000000
28254,0.0000423653,0.0000057132
395547,0.0000235471,0.0000000000
46468,0.0001147718,0.0000024746
510718,0.0000295848,0.0000000000
4330,0.0000021016,0.0009965622
1103676,0.0001080082,0.0000000000
1104449,0.0001205212,0.0000000000
11093,0.0000754959,0.0000000404
1112929,0.0000786859,0.0000000000
1132459,0.0000944784,0.0000000000
1132461,0.0000916254,0.0000000000
1136393,0.0000759317,0.0000000000
1152917,0.0000775641,0.0000000000
118436,0.0000768186,0.0000000000
119956,0.0000771743,0.0000000000
120013,0.0000885735,0.0000000000
151708,0.0000754959,0.0000000000
168410,0.0009852633,0.0000000000
32688,0.0000754959,0.0000130102
37884,0.0000776775,0.0000001414
390889,0.0000934872,0.0000000000
428610,0.0000965466,0.0000000000
684986,0.0000754959,0.0000059047
69418,0.0000764816,0.0000000000
753265,0.0000759770,0.0000000006
949217,0.0000773580,0.0000000000
4335,0.0000000000,0.0002204404
1104300,0.0000167962,0.0000000000
1121254,0.0000185350,0.0000000000
1136310,0.0000166998,0.0000000000
1140547,0.0000439684,0.0000000000
116790,0.0000236662,0.0000580987
239800,0.0000626907,0.0000013991
32698,0.0000181039,0.0000033776
62274,0.0000171885,0.0000039434
62417,0.0000166998,0.0000000000
755082,0.0000166998,0.0000057525
95718,0.0000184678,0.0000013715
4553,0.0000000000,0.0000000000
1102548,0.0000000000,0.0000000000
4584,0.0000000000,0.0107164331
1120020,0.0022324272,0.0000000000
1130567,0.0024061628,0.0000000000
13885,0.0008199532,0.0000967245
13917,0.0008191657,0.0001691276
293285,0.0008165244,0.0000000000
6184,0.0030832039,0.0006094832
6210,0.0023428866,0.0000070351
628815,0.0022196147,0.0001822901
4637,0.0000000404,0.0000006190
164,0.0000081706,0.0000000000
4649,0.0000000000,0.0002030613
1105887,0.0000195290,0.0000000000
1127851,0.0000159739,0.0000000000
135765,0.0000191955,0.0000473980
135766,0.0000153832,0.0000503239
411092,0.0000527433,0.0000000000
449841,0.0000194248,0.0000000000
8703,0.0000693505,0.0004108628
429781,0.0000210696,0.0000000000
5038,0.0000343447,0.0000000000
4804,0.0000180776,0.0000881010
102884,0.0000066742,0.0000000501
1108175,0.0000070734,0.0000000000
1112574,0.0000108475,0.0000000000
1153262,0.0000079913,0.0000000000
12182,0.0000102226,0.0002219852
12210,0.0000212536,0.0000447489
157761,0.0000239106,0.0000013303
25805,0.0000142066,0.0000450261
45189,0.0005001492,0.0001683807
68505,0.0000074575,0.0000000000
77515,0.0000106058,0.0000000501
989397,0.0000068180,0.0000000000
4983,0.0000000000,0.0000000000
7867,0.0000000000,0.0000000000
5055,0.0000000000,0.0000909535
28026,0.0000006127,0.0000001238
5064,0.0000008114,0.0000026542
5069,0.0000008232,0.0000025611
1121176,0.0000002011,0.0000000000
1129106,0.0000002011,0.0000000000
272345,0.0000002022,0.0000000000
385067,0.0000003974,0.0000000153
109323,0.0000004499,0.0000000343
1105698,0.0000004499,0.0000000000
137849,0.0000004525,0.0000000368
354004,0.0000004499,0.0000000000
440815,0.0000004526,0.0000000000
79809,0.0000488122,0.0000444865
5194,0.0000000000,0.0001687145
1152714,0.0000130531,0.0000000000
133563,0.0000265148,0.0000722033
133566,0.0000212719,0.0000009889
140569,0.0000156050,0.0000000000
139547,0.0000064033,0.0000000000
75695,0.0000088015,0.0000019563
911198,0.0000064402,0.0000000000
5454,0.0000000000,0.0000005326
1128425,0.0000015162,0.0000000000
1130680,0.0000001208,0.0000000000
5600,0.0000000000,0.0000004295
1022969,0.0000000329,0.0000000000
1117833,0.0000000325,0.0000000000
5959,0.0000063745,0.0000483914
152226,0.0000038096,0.0000006375
545647,0.0000107912,0.0000008175
582511,0.0000107912,0.0000008175
5966,0.0000000000,0.0005772664
1107572,0.0000040922,0.0000000000
12211,0.0000200352,0.0000015553
27612,0.0000173842,0.0000014331
385251,0.0000066294,0.0000000000
6130,0.0000012681,0.0000156783
1154123,0.0000469828,0.0000000000
1154124,0.0000469828,0.0000000000
671269,0.0000011877,0.0001820592
675847,0.0000201702,0.0000000582
1106547,0.0025118842,0.0000000000
1107355,0.0029871325,0.0000000000
1385,0.0029871325,0.0000000000
6152,0.0001394417,0.0002746350
6163,0.0014987978,0.0009636821
1106966,0.0015390497,0.0000000000
20534,0.0014893793,0.0007691509
96847,0.0010618291,0.0000000000
6169,0.0000085731,0.0005574175
1114629,0.0000506958,0.0000000000
170338,0.0000870358,0.0000000000
7419,0.0015082726,0.0004814501
10981,0.0000461722,0.0000337413
1120731,0.0000928592,0.0000000000
13686,0.0000621836,0.0062733759
399339,0.0021740871,0.0000070351
1153056,0.0000526773,0.0000000000
81350,0.0000534539,0.0000889676
6209,0.0000000000,0.0010218628
1108329,0.0015148091,0.0000000000
118259,0.0000774126,0.0000102759
118260,0.0000786424,0.0000043179
181782,0.0000847554,0.0000000000
212930,0.0000797220,0.0000000000
8875,0.0055546305,0.0064269354
95579,0.0001805231,0.0000000000
1105764,0.0021900345,0.0000000000
1109957,0.0015176284,0.0000000000
1111230,0.0014167078,0.0000000000
1113182,0.0014821663,0.0000000000
1113459,0.0015352487,0.0000000000
1117760,0.0014821663,0.0000000000
1122425,0.0014735381,0.0000000000
1123553,0.0014636648,0.0000000000
1128267,0.0014162444,0.0000000000
1129096,0.0014405979,0.0000000000
1129243,0.0015478606,0.0000000000
13193,0.0015310484,0.0002516666
153598,0.0014267387,0.0001163110
17208,0.0014496372,0.0000127495
195361,0.0014077765,0.0002779597
218410,0.0014077765,0.0002851054
23774,0.0014660446,0.0003050897
241133,0.0015088148,0.0001163110
293271,0.0014077765,0.0000618587
353541,0.0014472080,0.0000000000
6224,0.0022178603,0.0002096526
628667,0.0015088148,0.0001174691
628668,0.0015505352,0.0000000000
672064,0.0014201598,0.0000000961
1115886,0.0007201383,0.0000000000
1152740,0.0007314995,0.0000000000
28447,0.0007330009,0.0000018830
6378,0.0007675639,0.0001626712
93320,0.0007909706,0.0000000000
95589,0.0007377148,0.0000000000
6216,0.0000000000,0.0007377367
230300,0.0000569938,0.0000059580
6238,0.0000000000,0.0000005682
10793,0.0000000430,0.0000000000
1123991,0.0000000430,0.0000000000
1130356,0.0000000430,0.0000000000
84459,0.0000073705,0.0000000000
6311,0.0005471218,0.0000098622
235776,0.0000288219,0.0000000000
6318,0.0000000000,0.0000058580
1108656,0.0000004463,0.0000000000
1121057,0.0000004465,0.0000000000
20833,0.0000075071,0.0000000000
1152307,0.0005916573,0.0000000000
1152448,0.0005916573,0.0000000000
1152975,0.0005916573,0.0000000000
1153703,0.0005916573,0.0000000000
6343,0.0000000000,0.0001769985
141868,0.0000191126,0.0000020636
359067,0.0000137902,0.0000000000
521252,0.0000145840,0.0000027833
6344,0.0000000000,0.0001716026
1112665,0.0000130000,0.0000000000
6346,0.0000000000,0.0000393931
1106103,0.0000143407,0.0000000000
1112075,0.0005056562,0.0000000000
28473,0.0000513692,0.0000000000
6385,0.0000000000,0.0005154127
1103162,0.0000840095,0.0000000000
682666,0.0001038096,0.0000000000
892139,0.0000903033,0.0000000000
6539,0.0000223893,0.0000000000
1102646,0.0000000001,0.0000000000
116084,0.0000208689,0.0000048241
178209,0.0000003492,0.0000096584
568045,0.0000014547,0.0000000000
6741,0.0000000000,0.0002627963
1130637,0.0000199085,0.0000000000
1153160,0.0000204501,0.0000000000
348437,0.0000204029,0.0000000000
49895,0.0000199085,0.0000000000
51909,0.0000515242,0.0000073175
83725,0.0031928887,0.0127919364
9708,0.0000199085,0.0000905056
1120444,0.0000159392,0.0000000000
6925,0.0000114220,0.0000003904
6775,0.0000175462,0.0000013449
1111240,0.0000001048,0.0000000000
350319,0.0000176481,0.0000000071
6782,0.0000000000,0.0000068538
6784,0.0000000000,0.0002316140
100961,0.0004884988,0.0000363040
1116629,0.0004884988,0.0000000000
60170,0.0004884988,0.0000365147
6786,0.0000000000,0.0000015527
714975,0.0000189900,0.0000000000
6814,0.0000000000,0.0000103776
1117348,0.0000131695,0.0000000000
1125469,0.0000013294,0.0000000000
158172,0.0000014018,0.0000005988
293974,0.0000029492,0.0000001007
300071,0.0000018663,0.0000000000
315266,0.0000012331,0.0000000000
390896,0.0000294502,0.0000000000
445938,0.0000079034,0.0000000934
6818,0.0000135010,0.0000184200
1105531,0.0000423107,0.0000000000
50336,0.0000286640,0.0001765539
50337,0.0000420391,0.0001731020
6898,0.0000000385,0.0000001724
1123188,0.0000000685,0.0000000000
124224,0.0000000131,0.0000000042
12631,0.0000000131,0.0000000627
431206,0.0000021101,0.0000000000
6910,0.0000000535,0.0000002217
78994,0.0000000178,0.0000000000
1117219,0.0000000175,0.0000000000
1132083,0.0000000172,0.0000000000
1152150,0.0000005673,0.0000000000
1154103,0.0000000220,0.0000000000
169279,0.0000000171,0.0000000030
263553,0.0000000503,0.0000000096
662416,0.0000000557,0.0000000052
6913,0.0000000000,0.0000273004
1105011,0.0000020682,0.0000000000
1131230,0.0000020682,0.0000000000
703953,0.0000020682,0.0000000000
1153811,0.0000205199,0.0000000000
1155073,0.0000036570,0.0000000000
20857,0.0000035752,0.0000008034
308003,0.0000085204,0.0000000000
1114526,0.0000005750,0.0000000000
1118658,0.0000000570,0.0000000000
372862,0.0000004395,0.0000000000
57922,0.0000000334,0.0000003110
57948,0.0000040485,0.0000000504
6935,0.0000005941,0.0000652783
101660,0.0000049452,0.0000028270
1115670,0.0000049738,0.0000000000
6939,0.0000011222,0.0000000000
1116922,0.0000000000,0.0000000000
323128,0.0000227451,0.0000000000
52847,0.0000016226,0.0001298959
7041,0.0000000000,0.0000000000
1120880,0.0000000000,0.0000000000
7047,0.0000000000,0.0000174571
1135082,0.0001456091,0.0000000000
14549,0.0000024497,0.0000016768
54844,0.0000013225,0.0000000000
7272,0.0000000000,0.0000881419
1136446,0.0000068395,0.0000000000
763181,0.0000101587,0.0000000000
7296,0.0000000000,0.0000007697
763010,0.0000033648,0.0000005397
1107312,0.0000485879,0.0000000000
7430,0.0000134197,0.0000024577
1153287,0.0000135289,0.0000000000
95586,0.0000189115,0.0000558880
7532,0.0000000000,0.0000000000
1121603,0.0000000000,0.0000000000
1153097,0.0000000000,0.0000000000
141171,0.0000000000,0.0000000000
314459,0.0000000000,0.0000000000
7537,0.0000000000,0.0000000000
80515,0.0000000000,0.0000000000
1113534,0.0000000000,0.0000000000
1131348,0.0000000000,0.0000000000
409255,0.0000000000,0.0000000000
1138027,0.0000000000,0.0000000000
315789,0.0000000000,0.0000000000
8079,0.0000033209,0.0001503143
105057,0.0000349320,0.0000000000
8224,0.0000082894,0.0070014355
1108728,0.0005369037,0.0000000000
1111788,0.0005471218,0.0000000000
1128531,0.0005428289,0.0000000000
1132815,0.0005476435,0.0000000000
11342,0.0005512251,0.0000457515
1153148,0.0005832708,0.0000000000
1153866,0.0005397136,0.0000000000
133615,0.0005304034,0.0001228963
22431,0.0005345492,0.0002246696
22563,0.0005628811,0.0001965832
23738,0.0005380891,0.0002303644
55403,0.0005397136,0.0000411228
601567,0.0005658192,0.0000000000
62389,0.0005304034,0.0000000000
97377,0.0005304034,0.0000005702
8581,0.0000026009,0.0000345871
1120059,0.0000027998,0.0000000000
75691,0.0000063684,0.0000000000
8591,0.0000000000,0.0000000000
137956,0.0000000000,0.0000000000
167205,0.0000000000,0.0000000000
709113,0.0000000000,0.0000000000
8594,0.0000000000,0.0000000000
1132809,0.0000000000,0.0000000000
180187,0.0000000000,0.0000000000
232605,0.0000000000,0.0000000000
58268,0.0000000000,0.0000000000
8617,0.0000000000,0.0059774433
12359,0.0004612684,0.0000841513
36145,0.0008915779,0.0002319328
8619,0.0000000000,0.0057915703
8687,0.0000000000,0.0000039477
1102751,0.0000516315,0.0000000000
38000,0.0000004765,0.0000000000
8696,0.0000000000,0.0001333683
101145,0.0000314890,0.0000000000
173884,0.0000328549,0.0000000000
27535,0.0000315039,0.0000100321
308232,0.0000354820,0.0000000000
502574,0.0000316798,0.0000000000
51866,0.0000316157,0.0000049955
59244,0.0000313052,0.0000000000
89335,0.0000311255,0.0000023717
1129570,0.0019438329,0.0000000000
395075,0.0034002562,0.0000000000
608292,0.0024091076,0.0000000000
785678,0.0009419503,0.0000000000
8872,0.0000000000,0.0130833677
1104647,0.0010513731,0.0000000000
1125092,0.0010207914,0.0000000000
1152761,0.0029712141,0.0000000000
1153860,0.0029712141,0.0000000000
8874,0.0000000000,0.0129398466
1120643,0.0014960791,0.0000000000
1153816,0.0010498095,0.0000000000
1152676,0.0010018826,0.0000000000
8961,0.0000000000,0.0000031891
1133390,0.0000002416,0.0000000000
9513,0.0000006612,0.0000000082
102879,0.0000001088,0.0000000501
9515,0.0000013249,0.0000014278
9559,0.0000000000,0.0000000000
1102794,0.0000000000,0.0000000000
252725,0.0000000000,0.0000000000
9581,0.0000005458,0.0000000847
1130780,0.0000005652,0.0000000000
633585,0.0000005522,0.0000000862
9586,0.0013631193,0.0001087601
1120138,0.0004915910,0.0000000000
33818,0.0009440650,0.0001491078
1153003,0.0000069799,0.0000000000
9716,0.0000000000,0.0000023148
28674,0.0000001754,0.0000000000
10169,0.0000013326,0.0017972637
114189,0.0001372626,0.0000033311
158614,0.0001361542,0.0000001010
17798,0.0001361542,0.0000694792
211875,0.0001369493,0.0000000000
39131,0.0001425930,0.0003281880
711598,0.0001361542,0.0000000000
10174,0.0000000000,0.0000013763
10177,0.0000005416,0.0000103399
12197,0.0000013249,0.0000011420
12198,0.0000146880,0.0000048800
124734,0.0000108623,0.0000450648
15429,0.0000007833,0.0000071495
249858,0.0000069470,0.0000000176
27606,0.0000007833,0.0000013668
67415,0.0000179694,0.0000039136
68495,0.0000146659,0.0000000000
10183,0.0000415811,0.0001106149
10430,0.0000083798,0.0000006422
1114336,0.0000084282,0.0000000000
1120713,0.0000084284,0.0000000000
259772,0.0000083798,0.0000006385
47570,0.0000083798,0.0000000301
54550,0.0000083798,0.0000000000
10435,0.0000154038,0.0000540795
1103394,0.0000195007,0.0000000000
208345,0.0000043807,0.0000002934
22566,0.0000193004,0.0000026443
41417,0.0000040969,0.0001526887
10531,0.0000010212,0.0000046479
1102850,0.0000003521,0.0000000000
1107567,0.0000051130,0.0000000000
1129442,0.0000014224,0.0000000000
194617,0.0000017270,0.0000054078
31336,0.0000013733,0.0000003239
31349,0.0000014224,0.0000001084
31353,0.0000003521,0.0000134803
43698,0.0000013733,0.0000003239
686532,0.0000014306,0.0000000000
180373,0.0001782664,0.0001262926
31097,0.0000354158,0.0000000000
46536,0.0000354158,0.0000000000
6217,0.0000640362,0.0000000000
10798,0.0000000000,0.0005488789
1154500,0.0000415811,0.0000000000
18619,0.0000431199,0.0000865035
20193,0.0000415811,0.0000462387
252715,0.0000415811,0.0000047246
1102873,0.0000025561,0.0000000000
39199,0.0000005326,0.0000133523
11148,0.0000000000,0.0000000000
1129835,0.0000000000,0.0000000000
1131719,0.0000000000,0.0000000000
193354,0.0000000000,0.0000000000
25413,0.0000000000,0.0000000000
11326,0.0000038949,0.0000000000
11339,0.0000000000,0.0000514131
11335,0.0000000000,0.0000932374
1127657,0.0000070633,0.0000000000
11325,0.0000245149,0.0000000000
217139,0.0005293099,0.0000407386
11337,0.0000000000,0.0000431246
211432,0.0000069872,0.0000000000
44017,0.0000038949,0.0000024254
45061,0.0000038949,0.0000000000
12155,0.0000038494,0.0000000282
1126350,0.0000003718,0.0000000000
12158,0.0000220115,0.0000006394
12199,0.0000082638,0.0000006252
148399,0.0000001764,0.0000000000
12165,0.0000205296,0.0000019102
1112099,0.0000201020,0.0000000000
12169,0.0000000000,0.0000005329
1119471,0.0000001763,0.0000000000
1059953,0.0000198729,0.0000000000
1106418,0.0000172597,0.0000000000
1117249,0.0000168168,0.0000000000
1153183,0.0000169139,0.0000000000
155736,0.0000172112,0.0000000121
219239,0.0000175600,0.0000024232
28632,0.0000168168,0.0000000228
28640,0.0000168168,0.0000403416
309476,0.0000202665,0.0000000000
94713,0.0000507890,0.0000000000
12194,0.0000000000,0.0000000049
27199,0.0000000644,0.0000000213
12195,0.0000142837,0.0000439689
1107319,0.0000173181,0.0000000000
1131611,0.0004967984,0.0000000000
1132285,0.0000033309,0.0000000000
38722,0.0000036274,0.0001313597
51180,0.0000135787,0.0000025225
111866,0.0000002326,0.0000005263
95225,0.0000082154,0.0000010705
12247,0.0000080767,0.0000000267
12238,0.0000000000,0.0000034856
101263,0.0000002656,0.0002159861
107569,0.0000009485,0.0000001734
1152490,0.0000022400,0.0000000000
1153861,0.0000022400,0.0000000000
156977,0.0000009485,0.0000092059
213279,0.0000009485,0.0000383416
400356,0.0000009485,0.0000112454
12337,0.0000000000,0.0064887831
16451,0.0005271204,0.0000058197
16470,0.0005004849,0.0000006467
16474,0.0005160399,0.0000000000
12347,0.0004496829,0.0002030531
12350,0.0000007327,0.0001821115
101811,0.0000312477,0.0000055798
152227,0.0000137961,0.0000018958
20601,0.0000176455,0.0000527520
20602,0.0000177924,0.0000508130
1131634,0.0004782989,0.0000000000
1071981,0.0025638430,0.0000000000
1104999,0.0054223545,0.0000000000
1105221,0.0027209160,0.0000000000
1107674,0.0053139736,0.0000000000
127033,0.0053192513,0.0004773482
416455,0.0031147565,0.0000000000
56112,0.0035329139,0.0080407368
56709,0.0037119663,0.0061520786
574710,0.0026486973,0.0000000000
575795,0.0025638430,0.0000736132
62718,0.0055402767,0.0004029672
63832,0.0054223545,0.0000000000
12638,0.0000000048,0.0000004418
119761,0.0000034638,0.0000000058
13024,0.0000000000,0.0000000000
899119,0.0000000000,0.0000000000
13195,0.0000000000,0.0001525581
13205,0.0000000000,0.0000001462
1105148,0.0000011096,0.0000000000
13208,0.0000008196,0.0000038291
131318,0.0000494336,0.0000000639
13212,0.0000000000,0.0000106721
214472,0.0000008179,0.0000000000
358884,0.0000008085,0.0000000479
411005,0.0000008429,0.0000000000
13213,0.0000000000,0.0000370912
13269,0.0000264887,0.0001783023
13652,0.0000053104,0.0000715185
13654,0.0000107284,0.0002459190
13656,0.0009092829,0.0057232681
83746,0.0000240479,0.0000684642
1115959,0.0009304889,0.0000000000
119686,0.0009171844,0.0058605166
987188,0.0013744605,0.0000000000
13658,0.0000000000,0.0118611059
294239,0.0009037411,0.0000000000
13717,0.0000363674,0.0000000798
37998,0.0000000060,0.0000000000
13966,0.0000000000,0.0001660593
13972,0.0000000000,0.0001134908
1126050,0.0000086473,0.0000000000
13982,0.0000002195,0.0000000000
34979,0.0000000000,0.0000028970
14062,0.0000000000,0.0475128178
1152358,0.0135777284,0.0000000000
646836,0.0050626894,0.0000000000
97390,0.0035993992,0.0142715340
98693,0.0046805590,0.0066531296
14083,0.0000000000,0.0000000000
1103016,0.0000000000,0.0000000000
14090,0.0000000000,0.0000000000
643069,0.0000000001,0.0000000000
14428,0.0000000000,0.0000000000
1103031,0.0000000000,0.0000000000
1103969,0.0000000000,0.0000000000
14429,0.0000000000,0.0000000000
14431,0.0000000000,0.0000000000
34082,0.0000000000,0.0000000000
73119,0.0000000000,0.0000000000
1119216,0.0000000000,0.0000000000
14430,0.0000000000,0.0000000000
14529,0.0000000000,0.0000047440
1103038,0.0000008242,0.0000000000
239829,0.0000003594,0.0000000000
14531,0.0000000000,0.0000042108
1105932,0.0000214442,0.0000000000
1152308,0.0000058848,0.0000000000
56167,0.0000058017,0.0000039906
592830,0.0000213093,0.0000015989
60682,0.0000003190,0.0001366667
14545,0.0000000000,0.0000002480
14807,0.0000000000,0.0000000080
264347,0.0000000006,0.0000012813
15076,0.0000005351,0.0000000000
25702,0.0000000000,0.0003334451
708945,0.0000000000,0.0000000000
175576,0.0000005447,0.0000000000
210309,0.0000005416,0.0000000860
217115,0.0000065207,0.0000368700
35854,0.0000005447,0.0000000000
41666,0.0000016697,0.0000000000
89547,0.0000005416,0.0063491964
15431,0.0000000000,0.0000000413
12558,0.0000000000,0.0000000000
1110024,0.0000002468,0.0000000000
1118388,0.0000002482,0.0000000000
15892,0.0000002439,0.0000000189
175909,0.0000002439,0.0000027255
1116146,0.0000000014,0.0000000000
15984,0.0000000000,0.0001716489
158098,0.0000272762,0.0000000000
15987,0.0000000000,0.0000059218
523394,0.0000202586,0.0000014386
653441,0.0000066264,0.0000000091
714289,0.0000065099,0.0000024736
16008,0.0000000000,0.0001824811
1131165,0.0000138241,0.0000000000
189571,0.0000197713,0.0000020456
189572,0.0000141352,0.0000000089
16437,0.0000000000,0.0001177211
152219,0.0000125028,0.0000000000
430329,0.0000089181,0.0000000000
51831,0.0000089181,0.0000000000
1105603,0.0004522786,0.0000000000
1129621,0.0000085369,0.0000000000
16471,0.0000000000,0.0000939346
1104787,0.0004567991,0.0000000000
1114992,0.0000071572,0.0000000000
273949,0.0000073209,0.0000005422
16476,0.0000000000,0.0001113955
1123087,0.0004845982,0.0000000000
16485,0.0000000000,0.0059359080
105856,0.0004659136,0.0000021478
1109891,0.0004551647,0.0000000000
1120049,0.0004659136,0.0000000000
16819,0.0000000002,0.0000000010
1131167,0.0000000001,0.0000000000
1131236,0.0000000004,0.0000000000
1131274,0.0000000001,0.0000000000
1131312,0.0000000004,0.0000000000
126793,0.0000000001,0.0000000001
643003,0.0000000001,0.0000000000
643221,0.0000000001,0.0000000022
644093,0.0000000055,0.0000000000
644334,0.0000000001,0.0000000000
646195,0.0000000009,0.0000000000
646286,0.0000000055,0.0000000000
16843,0.0000000000,0.0000000000
1152259,0.0000000000,0.0000000000
1152991,0.0000000000,0.0000000000
17201,0.0000000000,0.0001896925
1126012,0.0004796274,0.0000000000
184157,0.0000153363,0.0000011686
95435,0.0000154248,0.0000000000
1152633,0.0000097186,0.0000000000
17242,0.0000000028,0.0000000545
17363,0.0000000000,0.0001628898
17477,0.0009758967,0.0000063645
17488,0.0000000000,0.0000063645
17811,0.0000000000,0.0002929876
1107136,0.0000221957,0.0000000000
17821,0.0000000000,0.0000000000
245955,0.0000000000,0.0000000000
18251,0.0000059050,0.0000028572
18313,0.0000000000,0.0056517956
18532,0.0000000000,0.0000000000
86923,0.0000000000,0.0000000000
18536,0.0000000000,0.0000000000
1106854,0.0000000000,0.0000000000
424540,0.0000000000,0.0000000000
1153091,0.0000068517,0.0000000000
18770,0.0000000000,0.0000021130
28964,0.0000268114,0.0000000000
531348,0.0000005399,0.0000000409
531351,0.0000005399,0.0000000409
18773,0.0000000000,0.0000424881
88356,0.0000439706,0.0000000000
18774,0.0000068306,0.0000018485
73146,0.0000243999,0.0000026207
18777,0.0000000000,0.0000875443
103537,0.0000332833,0.0000000000
1112686,0.0000067885,0.0000000000
173863,0.0000066320,0.0000017929
66794,0.0000336841,0.0000000016
79817,0.0000100022,0.0000002568
18781,0.0000000000,0.0000052698
18785,0.0000003992,0.0000000000
18811,0.0000000000,0.0000015516
1106401,0.0000128735,0.0000000000
20920,0.0000008187,0.0000000000
18812,0.0000000000,0.0000000624
510715,0.0000000047,0.0000000000
18815,0.0000000000,0.0000091926
18832,0.0000000000,0.0001245938
18833,0.0000137813,0.0000000000
18834,0.0004730779,0.0000573219
1152944,0.0000113612,0.0000000000
593210,0.0000956278,0.0000000000
593328,0.0000164479,0.0001695911
593329,0.0004988052,0.0001695911
19231,0.0000000000,0.0000043857
1153736,0.0000003322,0.0000000000
12960,0.0000004636,0.0000000000
30934,0.0000003322,0.0000000351
686061,0.0000095481,0.0000000000
19621,0.0000017308,0.0018935814
1128846,0.0001434509,0.0000000000
1131464,0.0001704498,0.0000000000
123825,0.0001452628,0.0003066469
240791,0.0031176767,0.0063946785
628888,0.0001434509,0.0000002459
649730,0.0001666813,0.0000129133
649739,0.0001666813,0.0000129133
66990,0.0001461581,0.0000078422
853116,0.0001451618,0.0000002623
948147,0.0001442838,0.0000000000
19697,0.0000443288,0.0000157916
40124,0.0000597521,0.0000020685
20178,0.0000001284,0.0000003012
38829,0.0000003303,0.0000374114
64271,0.0000000256,0.0000033440
91853,0.0000036200,0.0000007165
20179,0.0000000000,0.0000009693
95188,0.0000003837,0.0000002226
1108597,0.0000035029,0.0000000000
1114777,0.0000038280,0.0000000000
1116397,0.0000063913,0.0000000000
1116839,0.0000035029,0.0000000000
1119180,0.0000035029,0.0000000000
112813,0.0000035029,0.0000000000
1130653,0.0000035029,0.0000000000
1130657,0.0000035029,0.0000000000
1138091,0.0000035029,0.0000000000
1152244,0.0000065904,0.0000000000
1153877,0.0000035029,0.0000000000
1153879,0.0000035029,0.0000000000
1153889,0.0000035029,0.0000000000
144330,0.0000205230,0.0002913061
566488,0.0000035029,0.0000000000
566653,0.0000035029,0.0000005385
566664,0.0000035437,0.0000002700
20528,0.0000281649,0.0003277157
70442,0.0000676269,0.0000020677
20584,0.0000000000,0.0001339102
1106849,0.0000101446,0.0000000000
1118823,0.0000143168,0.0000000000
20592,0.0000112530,0.0000438976
389715,0.0000294048,0.0000028930
1118209,0.0000042292,0.0000000000
1121537,0.0000078910,0.0000000000
20821,0.0000000000,0.0000012435
1127863,0.0000069482,0.0000000000
20923,0.0000000000,0.0000022515
1115701,0.0000052656,0.0000000000
1116530,0.0000001706,0.0000000000
20924,0.0000002031,0.0000518077
289885,0.0000091603,0.0000004143
294030,0.0000149202,0.0000000154
1116181,0.0000000000,0.0000000000
22229,0.0024206634,0.0188506520
1103383,0.0014646017,0.0000000000
1107418,0.0019739034,0.0000000000
1128369,0.0014646017,0.0000000000
144701,0.0033740190,0.0062661598
22241,0.0014280572,0.0004823946
243483,0.0024779655,0.0002558925
459216,0.0014280572,0.0000072873
595193,0.0014646017,0.0000000000
22386,0.0000000000,0.0001895156
1128407,0.0000203321,0.0000000000
38846,0.0000174537,0.0000379958
107251,0.0000192017,0.0000036659
107252,0.0000189859,0.0000000000
1121459,0.0000201699,0.0000000000
22564,0.0000148924,0.0000041064
36140,0.0000148924,0.0001983472
63915,0.0000299185,0.0000022627
94229,0.0000148924,0.0000369234
1110563,0.0000175707,0.0000000000
22869,0.0000000313,0.0000000740
22876,0.0000009773,0.0000000000
22874,0.0000000315,0.0000000740
22875,0.0000000000,0.0000126785
22883,0.0000014193,0.0000000740
22886,0.0000000000,0.0000574030
1107367,0.0000087730,0.0000000000
23069,0.0000000000,0.0000000002
23070,0.0000000030,0.0000000010
74700,0.0000000000,0.0000000003
1116044,0.0000000001,0.0000000000
134307,0.0000000037,0.0000000002
134316,0.0000000030,0.0000000004
74698,0.0000000037,0.0000000005
87915,0.0000000029,0.0000000007
23116,0.0000465946,0.0000148914
1105433,0.0000462487,0.0000000000
1111978,0.0000011346,0.0000000000
152731,0.0000481086,0.0001993297
217852,0.0000417911,0.0000000000
101662,0.0000178743,0.0000028270
1153064,0.0000178743,0.0000000000
189574,0.0000174516,0.0000004389
27249,0.0000326651,0.0000438371
84020,0.0000174516,0.0001436722
24043,0.0000000000,0.0000001172
1111265,0.0000000089,0.0000000000
928873,0.0000010027,0.0000000000
24476,0.0000000000,0.0000000000
1103499,0.0000000000,0.0000000000
1153024,0.0000000000,0.0000000000
24530,0.0000000000,0.0000108675
24966,0.0000000000,0.0005851496
1106671,0.0000445847,0.0000000000
1123576,0.0000453500,0.0000000000
1131149,0.0000448512,0.0000000000
1154042,0.0000451206,0.0000000000
124828,0.0000443288,0.0000003739
145134,0.0000443288,0.0001672327
145176,0.0000443288,0.0001729076
197452,0.0000615689,0.0000012834
202639,0.0000695894,0.0001634620
27627,0.0000443288,0.0000159266
63549,0.0000445862,0.0000104213
65212,0.0000443288,0.0000104518
671293,0.0000820796,0.0000011470
95719,0.0000445847,0.0000013715
24974,0.0000000000,0.0000914220
1104258,0.0000071234,0.0000000000
1112723,0.0000201814,0.0000000000
34315,0.0000069258,0.0000009848
40125,0.0000070817,0.0000005397
285675,0.0000000000,0.0000000000
385572,0.0000000000,0.0000000000
1153897,0.0015448279,0.0000000000
147870,0.0000252606,0.0000015039
25772,0.0000144241,0.0000034579
1104769,0.0000002620,0.0000000000
1122580,0.0000079476,0.0000000000
1126503,0.0000002635,0.0000000000
641956,0.0000008060,0.0000034382
25791,0.0000000000,0.0001219980
45212,0.0000158159,0.0001726263
25794,0.0000000015,0.0000034212
1110028,0.0000035331,0.0000000000
1121063,0.0000035331,0.0000000000
248119,0.0000001050,0.0000000000
27203,0.0000000000,0.0000016413
23545,0.0000000000,0.0000000000
27241,0.0000000000,0.0001164442
27243,0.0000000000,0.0000391026
27246,0.0000000000,0.0000707148
1128990,0.0004563816,0.0000000000
27514,0.0004408095,0.0000333462
27530,0.0000000000,0.0001388309
1128542,0.0000105173,0.0000000000
27531,0.0000140620,0.0001418218
592826,0.0000303054,0.0000015989
1112026,0.0000007600,0.0000000000
34961,0.0000011384,0.0000072675
27543,0.0000000000,0.0000467898
27623,0.0000000000,0.0001000109
1104182,0.0000076202,0.0000000000
27632,0.0000087830,0.0000032097
686015,0.0000180295,0.0000000000
686030,0.0000087830,0.0000000000
116021,0.0000012065,0.0000000351
27895,0.0000000000,0.0001014524
325497,0.0000084678,0.0000000000
28230,0.0000000000,0.0060401453
28249,0.0000000000,0.0004332488
1152436,0.0000000001,0.0000000000
28267,0.0000000000,0.0000724813
308529,0.0016141825,0.0000000000
567005,0.0009792170,0.0000000000
28336,0.0014937713,0.0000827071
108047,0.0010917506,0.0067228890
28359,0.0000128271,0.0002701587
28385,0.0000000000,0.0001917252
118558,0.0000145244,0.0000000000
28389,0.0000000000,0.0001096406
28412,0.0000000000,0.0003777954
194645,0.0000001426,0.0000000000
28487,0.0000000000,0.0002457021
28489,0.0000000000,0.0002934891
28491,0.0000000000,0.0002503046
1152910,0.0000189622,0.0000000000
28504,0.0000000000,0.0000602669
1139928,0.0000210715,0.0000000000
131315,0.0000052144,0.0000000639
365294,0.0000045656,0.0000010167
28542,0.0000000000,0.0002613441
32260,0.0000003005,0.0000051498
28649,0.0000000000,0.0000020904
155738,0.0000001593,0.0000031152
578669,0.0004724473,0.0001426282
595157,0.0039345392,0.0000000000
28957,0.0000000000,0.0003518027
159897,0.0000271307,0.0000010682
1125402,0.0000000000,0.0000000000
1125944,0.0000000000,0.0000000000
29492,0.0000000000,0.0000403312
1112426,0.0004388229,0.0000000000
1122574,0.0000030553,0.0000000000
131117,0.0000030730,0.0000069869
144408,0.0000155288,0.0000040600
29708,0.0000030553,0.0000003950
400473,0.0000030553,0.0000002328
29723,0.0000134563,0.0000081693
29738,0.0000000000,0.0000000000
155277,0.0000000000,0.0000000000
30817,0.0000000000,0.0000494773
144679,0.0000449678,0.0000000001
31055,0.0000000000,0.0000023269
31083,0.0000000000,0.0000055313
48066,0.0000004190,0.0000000000
31105,0.0000000000,0.0057588950
1105672,0.0004602577,0.0000000000
1063773,0.0000010212,0.0000000000
1124844,0.0000017747,0.0000000000
1129608,0.0000010290,0.0000000000
1135746,0.0000112690,0.0000000000
1152162,0.0000288640,0.0000000000
1152272,0.0000288640,0.0000000000
1152904,0.0000288640,0.0000000000
286562,0.0000010212,0.0000000000
31927,0.0000139787,0.0000045381
686559,0.0000010212,0.0000000000
31479,0.0000000000,0.0000146315
39165,0.0000128265,0.0001432570
31483,0.0000000000,0.0001442287
118682,0.0000221556,0.0000000000
31489,0.0000000130,0.0000072044
40583,0.0000005554,0.0000000000
40605,0.0000005653,0.0000000854
632796,0.0000005588,0.0000000010
632874,0.0000005588,0.0000000421
632935,0.0000005458,0.0000000000
633721,0.0000005588,0.0001628898
67245,0.0000000894,0.0002031800
67246,0.0000154815,0.0002020072
31863,0.0000033932,0.0000005097
358894,0.0000006329,0.0000000000
91581,0.0000060952,0.0000003050
1129572,0.0000137901,0.0000000000
32083,0.0000000000,0.0065737244
1153933,0.0005008929,0.0000000000
200630,0.0004980016,0.0000000000
346292,0.0005009302,0.0000002302
45605,0.0029284010,0.0135733002
688361,0.0005136418,0.0000000000
32276,0.0000000000,0.0000069468
174418,0.0000010397,0.0000099082
636500,0.0000006402,0.0000000000
84695,0.0000005263,0.0000000000
33231,0.0000000000,0.0000058061
1132887,0.0000004398,0.0000000000
33301,0.0000000000,0.0000000050
33325,0.0000000000,0.0000016635
1110256,0.0000004251,0.0000000000
124296,0.0000007951,0.0000002756
34708,0.0000007951,0.0000402485
78549,0.0004806608,0.0000000000
78552,0.0000224715,0.0060115798
78557,0.0004889323,0.0060481944
33823,0.0000000000,0.0001475208
1119004,0.0000111756,0.0000000000
33895,0.0013582963,0.0300379276
1110546,0.0009109123,0.0000000000
34257,0.0000000013,0.0000005696
1106771,0.0000000458,0.0000000000
1111186,0.0000000437,0.0000000000
1114398,0.0000000437,0.0000000000
1115456,0.0000000447,0.0000000000
1116974,0.0000000458,0.0000000000
1122642,0.0000000458,0.0000000000
192870,0.0000000432,0.0000000066
34263,0.0000000450,0.0000000104
34266,0.0000000461,0.0000000103
368605,0.0000000445,0.0000005288
87482,0.0000000466,0.0000000035
90655,0.0000000447,0.0000000069
503871,0.0034586636,0.0000000000
682815,0.0095645295,0.0000000000
35335,0.0000000000,0.0001686571
168958,0.0000128506,0.0000000000
59772,0.0000127769,0.0000000000
1104031,0.0000000028,0.0000000000
1116410,0.0000000744,0.0000000000
35778,0.0000001985,0.0000023262
108962,0.0000005504,0.0000021266
108983,0.0000001762,0.0000021464
519318,0.0000001762,0.0000000000
1128974,0.0005429410,0.0000000000
399370,0.0004820015,0.0000000000
60169,0.0004792193,0.0000365147
627024,0.0004764396,0.0000004879
35852,0.0000000000,0.0117380639
41732,0.0008892333,0.0000000000
134060,0.0000128271,0.0000000000
1105116,0.0000274260,0.0000000000
194223,0.0000272686,0.0001842170
390894,0.0000537573,0.0000000000
66982,0.0000284637,0.0000001231
36131,0.0000000000,0.0001112109
77438,0.0000085769,0.0000023210
350373,0.0000150261,0.0000000000
46500,0.0000150261,0.0000393015
36162,0.0000000000,0.0002275729
189620,0.0000004445,0.0000000360
36802,0.0000000247,0.0000333168
189856,0.0000025487,0.0000010826
37888,0.0000026998,0.0000020055
589923,0.0000027154,0.0000002057
590022,0.0000027154,0.0000000000
37483,0.0000031221,0.0000841448
37541,0.0000067696,0.0000659129
260979,0.0000049933,0.0000655325
37879,0.0000000000,0.0000020777
1128997,0.0010072385,0.0000000000
1129610,0.0016223570,0.0000000000
1153942,0.0006119231,0.0000000000
117316,0.0024778478,0.0000743571
592975,0.0010841070,0.0000473723
592986,0.0006253223,0.0000821282
593060,0.0006119231,0.0000002550
606647,0.0006119231,0.0000000000
61069,0.0028970172,0.0005007218
38537,0.0000000000,0.0000000103
1131270,0.0000000008,0.0000000000
1131277,0.0000001322,0.0000000000
137868,0.0000000008,0.0000017144
153063,0.0000000008,0.0000000360
642847,0.0000000008,0.0000000000
38771,0.0000000000,0.0000000000
1104191,0.0000000000,0.0000000000
1110579,0.0000028637,0.0000000000
39127,0.0000000000,0.0002612065
1128881,0.0000197881,0.0000000000
1128927,0.0000197881,0.0000000000
1128935,0.0000211055,0.0000000000
116081,0.0000197881,0.0000039620
116087,0.0000204537,0.0000000000
195150,0.0000208852,0.0000001102
46476,0.0000197881,0.0000000000
75972,0.0000208852,0.0000048377
39210,0.0000016243,0.0000024225
66986,0.0000035128,0.0000001231
39890,0.0000001067,0.0000760311
1123689,0.0000057931,0.0000000000
1154229,0.0000059859,0.0000000000
1154232,0.0000063651,0.0000000000
1154233,0.0000059159,0.0000000000
242663,0.0000059692,0.0000000000
51045,0.0000059349,0.0000004522
521855,0.0000060314,0.0000000089
559804,0.0000061397,0.0000009952
714256,0.0000057598,0.0000020606
40131,0.0000123833,0.0000000274
118079,0.0000003610,0.0000000000
40135,0.0000000000,0.0000047383
1104261,0.0000377508,0.0000000000
884094,0.0000000131,0.0000000000
40886,0.0000000000,0.0000584858
41216,0.0000000000,0.0000012724
1113551,0.0004797105,0.0000000000
128383,0.0000209260,0.0001147621
943087,0.0000000000,0.0000000000
144212,0.0038668421,0.0000000014
182094,0.0028385780,0.0060113580
44455,0.0028000954,0.0299338574
42156,0.0000000000,0.0000650171
1118120,0.0000049255,0.0000000000
1152179,0.0000049255,0.0000000000
42209,0.0000000637,0.0000000049
42221,0.0000000000,0.0000008409
42848,0.0000000000,0.0000072428
1116835,0.0000005487,0.0000000000
43165,0.0000000000,0.0000000000
1131195,0.0000000000,0.0000000000
43186,0.0000000000,0.0001675374
1135894,0.0000128874,0.0000000000
206524,0.0000001837,0.0000000140
48075,0.0000001848,0.0000000000
44121,0.0000000000,0.0000000000
1104435,0.0000000000,0.0000000000
227178,0.0022676807,0.0119832419
44514,0.0000000000,0.0060966425
253971,0.0004618596,0.0000006467
606479,0.0019400511,0.0001229040
45052,0.0000000000,0.0000032569
1131266,0.0000002467,0.0000000000
45188,0.0004937481,0.0001647761
1130929,0.0000124828,0.0000000000
1105450,0.0000192194,0.0000000000
1132385,0.0004937481,0.0000000000
45533,0.0000000000,0.0000000174
1104495,0.0000000013,0.0000000000
45603,0.0000000000,0.0001569797
1131639,0.0010341994,0.0000000000
975567,0.0010723512,0.0000000000
1152569,0.0004756011,0.0000000000
46452,0.0000000000,0.0000039403
46470,0.0000000000,0.0000014560
46491,0.0000000000,0.0000474752
137380,0.0000035966,0.0000418855
46547,0.0000035966,0.0000065147
51834,0.0000036384,0.0000000000
46501,0.0000000000,0.0000397852
1153275,0.0000063841,0.0000000000
46887,0.0000000000,0.0000867756
1153106,0.0000065738,0.0000000000
47682,0.0000000000,0.0000002581
1125393,0.0000000224,0.0000000000
47683,0.0000000196,0.0000000000
47839,0.0000000000,0.0000000000
1124837,0.0000000000,0.0000000000
48555,0.0000000000,0.0001724952
48764,0.0000000000,0.0001569797
48768,0.0000000000,0.0000796483
48781,0.0000001528,0.0001166819
1134865,0.0000264681,0.0000000000
397488,0.0000088394,0.0001153427
423816,0.0000088394,0.0000020167
1112369,0.0000043455,0.0000000000
217984,0.0000043205,0.0000003292
49720,0.0000000000,0.0000000000
49753,0.0000000000,0.0000000000
683355,0.0000136952,0.0000000187
50354,0.0000000000,0.0000000000
123556,0.0000000000,0.0000000000
289088,0.0000000000,0.0000004148
50807,0.0000000000,0.0000000000
1104749,0.0000000000,0.0000000000
50838,0.0000000000,0.0000000201
50980,0.0000000000,0.0000000000
73972,0.0000000000,0.0000000000
51049,0.0000000000,0.0000014091
1134320,0.0000002233,0.0000000000
51052,0.0000000000,0.0000009019
51879,0.0000000000,0.0000064715
51934,0.0000000000,0.0000000000
52000,0.0000000000,0.0000000000
1104809,0.0000000000,0.0000000000
52007,0.0000000000,0.0000000000
52003,0.0000000000,0.0000000000
1112194,0.0000000000,0.0000000000
300806,0.0000000033,0.0001700466
446271,0.0000000339,0.0000000000
53942,0.0000000000,0.0000028938
1128291,0.0015421706,0.0000000000
1128319,0.0015887379,0.0000000000
1136791,0.0009820817,0.0000000000
117315,0.0009815298,0.0001131627
578645,0.0020391239,0.0000000000
578646,0.0014937713,0.0005929913
578649,0.0020514723,0.0000000000
593022,0.0009758967,0.0000691691
1128982,0.0010416653,0.0000000000
141324,0.0038840831,0.0059056160
459213,0.0010356872,0.0000000428
459214,0.0033778346,0.0000000428
593859,0.0038840831,0.0000000000
593942,0.0025485775,0.0000033206
59715,0.0063799513,0.0000000068
54132,0.0000000000,0.0248450651
593921,0.0023800174,0.0000000000
594387,0.0033167269,0.0000000000
62634,0.0033366494,0.0001877217
1104946,0.0000000000,0.0000000000
55770,0.0000000000,0.0000034152
55801,0.0000000444,0.0000003319
56115,0.0015782079,0.0264976076
1119178,0.0000003023,0.0000000000
239810,0.0000003023,0.0000010447
56708,0.0000000000,0.0005398279
57119,0.0000000000,0.0067981239
1132731,0.0009911658,0.0000000000
711527,0.0000130541,0.0000000000
57773,0.0000000000,0.0000000000
1154524,0.0000000000,0.0000000000
235670,0.0000000000,0.0000000000
57932,0.0000000000,0.0000008653
58436,0.0000000000,0.0000000200
1114239,0.0000000015,0.0000000000
87417,0.0000002626,0.0293602427
58453,0.0000000000,0.0000000199
1113828,0.0000005059,0.0000000000
248395,0.0000000029,0.0000066396
58758,0.0000078858,0.0179297938
1128208,0.0013661821,0.0000000000
576973,0.0013582963,0.0001040944
59626,0.0000000000,0.0000789256
96845,0.0000000899,0.0000000000
59798,0.0000000000,0.0011725729
60159,0.0000000000,0.0000728187
61073,0.0000000000,0.0000812375
61312,0.0000000000,0.0000005946
61417,0.0000002142,0.0000060491
1106764,0.0000004609,0.0000000000
94416,0.0000004583,0.0000000349
62329,0.0004486935,0.0000406023
1131565,0.0000030937,0.0000000000
195792,0.0000106617,0.0009502626
251756,0.0000030759,0.0001001343
593155,0.0000030759,0.0057220786
650834,0.0005160510,0.0000000000
62333,0.0000000000,0.0000000000
1107325,0.0000000000,0.0000000000
1107558,0.0000000000,0.0000000000
62607,0.0000000000,0.0000000000
294145,0.0000000000,0.0000000000
62676,0.0000000000,0.0000000000
312409,0.0000000000,0.0000000000
83461,0.0000000856,0.0000005248
63812,0.0000000000,0.0000000357
1105360,0.0000000027,0.0000000000
63835,0.0000031402,0.0000014761
64319,0.0000000000,0.0000005439
65057,0.0000000029,0.0000000096
1125909,0.0000000007,0.0000000000
519353,0.0000001180,0.0000000001
65074,0.0000000000,0.0000000377
1110209,0.0000000030,0.0000000000
1117920,0.0000000029,0.0000000000
142268,0.0000000029,0.0000000007
714748,0.0000004702,0.0000000000
1112319,0.0004866887,0.0000000000
1123530,0.0000005656,0.0000000000
66564,0.0000000000,0.0065886219
66596,0.0000000000,0.0001277633
362926,0.0000096789,0.0000000000
66751,0.0000000000,0.0000000008
1135750,0.0000000105,0.0000000000
1138043,0.0000000001,0.0000000000
573535,0.0000000001,0.0000000000
693143,0.0000000001,0.0000000000
695284,0.0000000001,0.0000000000
1105505,0.0000000211,0.0000000000
1153031,0.0000000001,0.0000000000
509315,0.0000000000,0.0000000000
82090,0.0000000000,0.0003382257
66809,0.0000000000,0.0000000000
1117501,0.0000039234,0.0000000000
171954,0.0000003043,0.0000000340
67584,0.0000000000,0.0000000001
1127558,0.0000000008,0.0000000000
1127566,0.0000000000,0.0000000000
562067,0.0000000008,0.0000000000
67633,0.0000000000,0.0000002934
68115,0.0000000000,0.0000002549
68224,0.0000000000,0.0000009381
69198,0.0000000005,0.0000002624
231198,0.0000000199,0.0000011902
70281,0.0000000000,0.0000371943
70444,0.0000000000,0.0001235389
70520,0.0000000000,0.0002873512
70970,0.0099259241,0.0063684627
593068,0.0004824517,0.0000000000
71336,0.0000000000,0.0001664080
71736,0.0000000000,0.0000000000
71904,0.0000000000,0.0000061484
1135122,0.0000008377,0.0000000000
1118347,0.0000000000,0.0000000000
72406,0.0000000000,0.0001659160
72805,0.0000000000,0.0000000000
899085,0.0000000000,0.0000000000
954315,0.0000069271,0.0000002770
73162,0.0000000000,0.0000015387
1134348,0.0000001172,0.0000000000
189774,0.0000001179,0.0000000118
714260,0.0000003124,0.0000004768
714879,0.0000001536,0.0000000000
73323,0.0000000000,0.0000558664
1105810,0.0000044295,0.0000000000
73712,0.0000000000,0.0000000000
74427,0.0000000000,0.0000000174
74821,0.0000000000,0.0000034580
1120252,0.0000002620,0.0000000000
1131150,0.0000005328,0.0000000000
74920,0.0000000000,0.0000000000
1105877,0.0000000000,0.0000000000
74921,0.0000000000,0.0000000000
74937,0.0000000000,0.0000000000
74975,0.0000000000,0.0000408762
1107041,0.0000031145,0.0000000000
75121,0.0000083372,0.0000547255
75318,0.0000000000,0.0000000000
103430,0.0000000000,0.0000000000
1121569,0.0000000000,0.0000000000
75693,0.0000000000,0.0000000620
75694,0.0000000000,0.0000000620
75969,0.0000000000,0.0000093551
1128856,0.0000009385,0.0000000000
75983,0.0000000000,0.0001638410
1115790,0.0000124836,0.0000000000
77108,0.0000000000,0.0000000000
77112,0.0000000000,0.0000000000
106590,0.0000001784,0.0000000328
1129994,0.0000002656,0.0000000000
1129907,0.0000039794,0.0000000000
613409,0.0000039565,0.0000003015
78508,0.0000000000,0.0000372412
575402,0.0027722764,0.0059006184
78555,0.0000000000,0.0001457998
662279,0.0000000000,0.0000000000
662572,0.0000000000,0.0000001599
1121659,0.0000033701,0.0000000000
1131466,0.0000033896,0.0000000000
358866,0.0000033701,0.0000037458
80491,0.0000000000,0.0000000000
80656,0.0000000000,0.0000700990
81714,0.0118538991,0.0056185929
82666,0.0000000000,0.0000045483
82920,0.0000000000,0.1041382274
1125492,0.0084223393,0.0000000000
1128198,0.0079346727,0.0000000000
1129367,0.0079352045,0.0000000000
576691,0.0158775342,0.0006011020
83847,0.0000000000,0.0000439469
1130678,0.0000033485,0.0000000000
1106298,0.0018648556,0.0000000000
1133047,0.0018539715,0.0000000000
509233,0.0018539715,0.0000000000
85324,0.0000000000,0.0003182584
628751,0.0000273001,0.0000004904
577086,0.0060288273,0.0000000000
85449,0.0000092243,0.0000023810
86258,0.0000000000,0.0000013075
1133469,0.0000070187,0.0000000000
1114184,0.0000000000,0.0000000000
1153786,0.0000000001,0.0000000000
89308,0.0000000000,0.0000023994
103528,0.0000001818,0.0000004219
137130,0.0000000000,0.0000000002
1116328,0.0004809921,0.0000000000
1152379,0.0004809921,0.0000000000
237376,0.0004809921,0.0000000000
90470,0.0000000247,0.0000000336
91038,0.0000000000,0.0001628898
92589,0.0000000000,0.0000054791
93273,0.0000000000,0.0000005245
93318,0.0000000000,0.0000006551
1152958,0.0000029839,0.0000000000
143801,0.0000000382,0.0000000029
284023,0.0000000552,0.0000386590
284025,0.0000000384,0.0000061230
93755,0.0000000000,0.0000000413
1111733,0.0000027972,0.0000000000
94639,0.0000000000,0.0128120819
94641,0.0014050292,0.0063873188
116553,0.0005797693,0.0001827543
95198,0.0000000000,0.0000002169
95588,0.0000000000,0.0000136768
95594,0.0000000000,0.0000579296
95597,0.0000000000,0.0000136768
95642,0.0000000000,0.0000565199
990075,0.0000042817,0.0000000000
594025,0.0000000000,0.0000000000
96851,0.0000000000,0.0003317042
100935,0.0010811598,0.0001153427
99030,0.0000030235,0.0000006328
193931,0.0000158947,0.0000000150
100701,0.0000000000,0.0000002359
596075,0.0000001818,0.0000000000
101261,0.0000000000,0.0000000201
102061,0.0000000000,0.0000000000
102939,0.0000000000,0.0000003334
1154074,0.0000000000,0.0000000000
1113742,0.0023395158,0.0000000000
246618,0.0024123955,0.0002211545
103531,0.0000000000,0.0000000025
656048,0.0000000002,0.0000000000
126912,0.0000000000,0.0000111384
103543,0.0000008639,0.0000000004
126927,0.0000000053,0.0000000675
289085,0.0000051354,0.0000004148
193932,0.0000000934,0.0000000079
1095507,0.0000001677,0.0000000000
1107385,0.0000000131,0.0000000000
1153899,0.0005577031,0.0000000000
578898,0.0005093017,0.0001131627
108963,0.0000003685,0.0000000544
310653,0.0000004046,0.0000020553
108974,0.0000000000,0.0000027381
1133417,0.0000002102,0.0000000000
683404,0.0000002475,0.0000010375
110041,0.0000000000,0.0066531296
111676,0.0000000000,0.0000000000
111770,0.0000000000,0.0000000000
1119623,0.0000000000,0.0000000000
112099,0.0000000000,0.0000002900
112787,0.0000002065,0.0000012075
114966,0.0000000000,0.0000000000
1125258,0.0000000000,0.0000000000
115188,0.0000000000,0.0000000000
1107728,0.0000000000,0.0000000000
116512,0.0000000000,0.0000000000
1107808,0.0000000000,0.0000000000
116528,0.0000000000,0.0001381732
116545,0.0000000000,0.0007737506
117328,0.0000000000,0.0000007144
1115166,0.0000000541,0.0000000000
118424,0.0000000000,0.0000058197
118435,0.0000000000,0.0000058197
1121739,0.0000124116,0.0000000000
118873,0.0000000000,0.0001756225
1109566,0.0000133045,0.0000000000
119712,0.0000000000,0.0000066010
1140543,0.0000041217,0.0000000000
120817,0.0000000000,0.0000003141
1109873,0.0000000239,0.0000000000
121792,0.0000000000,0.0000000000
1152394,0.0000000000,0.0000000000
141160,0.0000000000,0.0000350857
1154276,0.0000233646,0.0000000000
124952,0.0000000000,0.0061414890
1119742,0.0004652570,0.0000000000
1126011,0.0004652570,0.0000000000
189721,0.0004652570,0.0000000062
126867,0.0000000000,0.0000000000
1108258,0.0000000000,0.0000000000
126868,0.0000000000,0.0000000000
126909,0.0000000050,0.0000000655
126920,0.0000000051,0.0000000666
645897,0.0000000105,0.0000000004
126926,0.0000000000,0.0000000658
127940,0.0000000000,0.0000000000
1114364,0.0000000000,0.0000000000
243274,0.0000000000,0.0000000000
128203,0.0000002179,0.0000000000
128202,0.0000000000,0.0000000000
1108363,0.0000000004,0.0000000000
1121313,0.0000000004,0.0000000000
129287,0.0000126689,0.0000000000
907845,0.0000000000,0.0000000000
131122,0.0000000000,0.0000060398
131317,0.0000000000,0.0000000639
132821,0.0000000000,0.0000000000
133553,0.0000026580,0.0000705919
133567,0.0000000000,0.0000026004
133628,0.0000000000,0.0000000000
1108570,0.0000000000,0.0000000000
481073,0.0000000000,0.0000000000
134199,0.0000000000,0.0062939506
164885,0.0004795591,0.0000746301
447224,0.0009851325,0.0000363297
134219,0.0000000000,0.0066353734
134314,0.0000000000,0.0000000002
134315,0.0000000000,0.0000000000
134320,0.0000000000,0.0000000000
135464,0.0000000000,0.0000340694
1135589,0.0000050835,0.0000000000
135798,0.0000000000,0.0000000338
136767,0.0000000000,0.0000049800
137359,0.0000000000,0.0000439201
1118286,0.0000033272,0.0000000000
137790,0.0000000000,0.0000028764
1131300,0.0000001306,0.0000000000
1154068,0.0000002040,0.0000000000
139738,0.0000000000,0.0001771681
1108841,0.0000001014,0.0000000000
140005,0.0000000000,0.0000047037
1131345,0.0000026580,0.0000000000
917493,0.0000026580,0.0000000000
503877,0.0004473881,0.0063066410
608191,0.0033848528,0.0007519520
141596,0.0000000000,0.0000005365
143323,0.0000000000,0.0068937636
143476,0.0000000000,0.0000005143
1131549,0.0000000180,0.0000000000
219446,0.0000003076,0.0057522225
1128975,0.0004858549,0.0000000000
1136342,0.0004747016,0.0000000000
595063,0.0004858549,0.0000000000
145315,0.0000000000,0.0000000000
294126,0.0000000000,0.0000000000
649944,0.0000000000,0.0000000000
145384,0.0000000000,0.0000579296
1109185,0.0000001139,0.0000000000
1132434,0.0000190964,0.0000000000
148341,0.0004358814,0.0057537256
1109208,0.0004358814,0.0000000000
149139,0.0000000000,0.0000000000
1123215,0.0000000000,0.0000000000
1120786,0.0000000000,0.0000000000
987197,0.0000001436,0.0000000000
583318,0.0004988565,0.0000000000
1131223,0.0000000027,0.0000000000
561568,0.0000000027,0.0000000001
561581,0.0000000028,0.0000000000
561593,0.0000000027,0.0000000002
561595,0.0000000028,0.0000000002
561610,0.0000000028,0.0000000002
561613,0.0000000027,0.0000000003
645084,0.0000000035,0.0000000100
154023,0.0000000000,0.0000000000
1112106,0.0000000000,0.0000000000
1133846,0.0000000000,0.0000000000
154047,0.0000000000,0.0000000000
1130934,0.0000256645,0.0000000000
1133028,0.0000256645,0.0000000000
155158,0.0000000000,0.0000000000
397590,0.0000000000,0.0000031875
156794,0.0000000000,0.0000108675
1118017,0.0000000000,0.0000000000
158812,0.0000000000,0.0000337855
1127812,0.0004459761,0.0000000000
159084,0.0000000000,0.0000000000
1152711,0.0000000000,0.0000000000
159085,0.0000000000,0.0000000000
241821,0.0000000000,0.0000000000
160732,0.0000000000,0.0000000000
1128853,0.0000000000,0.0000000000
1153922,0.0000000907,0.0000000000
162075,0.0000000000,0.0000000000
1109830,0.0000000000,0.0000000000
162080,0.0000000000,0.0000000000
737204,0.0000000000,0.0000000000
1135345,0.0000000000,0.0000000000
739707,0.0000000000,0.0000319455
163235,0.0000000000,0.0000000018
166420,0.0000000000,0.0000380455
166825,0.0000000000,0.0000000375
166989,0.0000000000,0.0000016116
168332,0.0000000000,0.0056512125
169280,0.0000000000,0.0000000030
656231,0.0000000000,0.0000000000
1138755,0.0000000026,0.0000000000
820662,0.0000000104,0.0000000000
174425,0.0000000000,0.0000067776
175256,0.0000000000,0.0064613411
175548,0.0000000000,0.0000714532
689152,0.0000054759,0.0000003891
753070,0.0000058941,0.0000000746
177115,0.0000000000,0.0000000624
177993,0.0004281154,0.0002160975
177998,0.0000000000,0.0002538890
178718,0.0000000000,0.0057868181
179180,0.0000000000,0.0001973131
179702,0.0000000000,0.0000000000
1152859,0.0000000000,0.0000000000
179706,0.0000000000,0.0000000000
180301,0.0000000000,0.0000000000
1110628,0.0000000000,0.0000000000
1120084,0.0000000000,0.0000000000
182093,0.0000000000,0.0059421601
1131550,0.0004580274,0.0000000000
650814,0.0004553987,0.0000346985
187260,0.0000000000,0.0000000000
1110950,0.0000000000,0.0000000000
189566,0.0000000000,0.0000003265
1153014,0.0000000249,0.0000000000
189623,0.0000000000,0.0000010375
189655,0.0000000000,0.0000005244
1129518,0.0000000825,0.0000000000
1134346,0.0000000016,0.0000000000
190698,0.0000000000,0.0119079338
191222,0.0000000000,0.0000000000
191216,0.0000000000,0.0000000000
193347,0.0000000000,0.0000000000
612306,0.0000000000,0.0000000000
193352,0.0000000000,0.0000000000
193918,0.0000000000,0.0000000079
194609,0.0000000000,0.0001689374
1154520,0.0000127981,0.0000000000
126128,0.0000127981,0.0000000000
215912,0.0000132078,0.0000032281
563613,0.0000127981,0.0000021037
248823,0.0000000000,0.0000078647
377303,0.0000719885,0.0000010447
198866,0.0000000000,0.0000042810
199571,0.0000000000,0.0057857760
643734,0.0000000000,0.0000000000
202520,0.0000000000,0.0000004015
202522,0.0000000000,0.0000000026
643597,0.0000124560,0.0000000000
203646,0.0000002574,0.0000066010
205196,0.0000000000,0.0000421086
1130568,0.0000031900,0.0000000000
1130586,0.0000031900,0.0000000000
628764,0.0000032458,0.0000000000
628766,0.0000031900,0.0000000000
815096,0.0004338095,0.0000000000
950986,0.0000032271,0.0000000000
1128151,0.0034620919,0.0000000000
1129629,0.0044564658,0.0000000000
210872,0.0000000000,0.0195124362
212097,0.0000000000,0.0000000000
1112071,0.0000000000,0.0000000000
212107,0.0000000000,0.0000000000
213246,0.0000000000,0.0000000069
216877,0.0000000000,0.0001703386
1117618,0.0000260328,0.0000000000
216878,0.0000000000,0.0001713275
1152663,0.0000215986,0.0000000000
219218,0.0000000000,0.0000000000
1112417,0.0000000000,0.0000000000
567018,0.0004408571,0.0000337855
219976,0.0000000000,0.0000000056
220420,0.0000000000,0.0056842132
226698,0.0000000000,0.0001638355
1122304,0.0000124116,0.0000000000
1128946,0.0009130471,0.0000000000
228990,0.0000000000,0.0000000000
228992,0.0000000000,0.0000000000
230879,0.0000000000,0.0000060248
1133428,0.0000004591,0.0000000000
696343,0.0000004564,0.0000000348
851968,0.0000032091,0.0000000000
1153195,0.0000000907,0.0000000000
232606,0.0000000000,0.0000000000
232860,0.0000000000,0.0000000000
1113084,0.0000000000,0.0000000000
233106,0.0000000000,0.0000000000
12275,0.0000000000,0.0000000000
630890,0.0000000000,0.0000002537
235678,0.0000000000,0.0000000000
235679,0.0000000000,0.0000000000
689439,0.0000000000,0.0000000000
235683,0.0000000000,0.0000000000
238401,0.0000000000,0.0058122682
240321,0.0000000000,0.0002505721
1113541,0.0000000000,0.0000000000
245288,0.0000000000,0.0000066010
1121398,0.0004561516,0.0000000000
248431,0.0000000000,0.0056533487
250566,0.0000000000,0.0001262926
253762,0.0000000000,0.0000035299
255628,0.0000000000,0.0000330337
258259,0.0000000000,0.0000009735
260121,0.0000000000,0.0000381407
261040,0.0000000000,0.0000037183
262108,0.0000000000,0.0000445284
262121,0.0000000000,0.0000445284
262178,0.0000000000,0.0000798770
1138968,0.0004573848,0.0000000000
263069,0.0000000000,0.0057537256
263482,0.0000000000,0.0000033550
264556,0.0000000000,0.0000329142
335042,0.0000024935,0.0000323369
267824,0.0000000000,0.0000000069
270456,0.0000000000,0.0000033972
270600,0.0000000000,0.0000005318
1114838,0.0000000403,0.0000000000
278394,0.0000000000,0.0000363365
278403,0.0000000000,0.0000360934
1152959,0.0000029287,0.0000000000
285687,0.0000000000,0.0000000000
286513,0.0000000000,0.0056512125
288107,0.0000000000,0.0000000000
1153784,0.0022817905,0.0000000000
289945,0.0000000000,0.0001704865
292277,0.0000000000,0.0000000000
578845,0.0000000000,0.0059451883
1133010,0.0000129565,0.0000000000
302545,0.0000000000,0.0000000000
1152858,0.0000000000,0.0000000000
1131198,0.0004642936,0.0000000000
643199,0.0004642936,0.0000351732
307656,0.0000000000,0.0060565937
270085,0.0004588256,0.0000000000
1139195,0.0000000000,0.0000000000
318071,0.0000000000,0.0000000019
318187,0.0000000000,0.0000000000
321004,0.0000000000,0.0000000000
1117049,0.0000000000,0.0000000000
1117089,0.0000000000,0.0000000000
325314,0.0000000000,0.0000004024
330208,0.0000000000,0.0000012410
337766,0.0000000000,0.0000008354
348305,0.0000000000,0.0000000000
1118546,0.0000000000,0.0000000000
358887,0.0000000000,0.0000037458
360028,0.0000000000,0.0000010846
367312,0.0000000000,0.0000000000
1119211,0.0000000000,0.0000000000
746058,0.0000000000,0.0000000000
368657,0.0000000000,0.0000000000
400455,0.0000000000,0.0000000000
370366,0.0000000000,0.0000071815
375605,0.0000000000,0.0056185929
375825,0.0000000000,0.0000000000
376704,0.0000000000,0.0000000000
1119654,0.0000000000,0.0000000000
379288,0.0000000000,0.0000000000
380341,0.0000000000,0.0000000000
60560,0.0000000000,0.0000000000
384428,0.0000000000,0.0000000000
1120019,0.0000000000,0.0000000000
390693,0.0000000000,0.0000783472
684972,0.0000005858,0.0000017839
1135115,0.0000029080,0.0000000000
408885,0.0000000000,0.0000000000
1154173,0.0000000000,0.0000000000
416867,0.0000000000,0.0000005978
416964,0.0000000000,0.0000000000
421481,0.0000000000,0.0000000000
430574,0.0000000000,0.0000000000
1105622,0.0000000000,0.0000000000
430711,0.0000000000,0.0000000000
1132416,0.0000000000,0.0000000000
671052,0.0000000000,0.0000000000
645571,0.0000000000,0.0000000008
446610,0.0000000000,0.0000001414
1123093,0.0000000000,0.0000000000
458439,0.0000000000,0.0000000000
1123493,0.0000000000,0.0000000000
459206,0.0000000000,0.0000000428
466170,0.0000000000,0.0000025518
467383,0.0000000000,0.0000441762
1128977,0.0000033659,0.0000000000
1131374,0.0019751206,0.0000000000
1154076,0.0019865213,0.0000000000
577331,0.0014717365,0.0056842132
646913,0.0019735168,0.0005175219
1125597,0.0009597871,0.0000000000
1125906,0.0000000000,0.0000000000
1125953,0.0000000000,0.0000000000
521183,0.0000000000,0.0000090170
1125993,0.0000000000,0.0000000000
522338,0.0000000000,0.0000000000
1132864,0.0000000000,0.0000000000
683360,0.0000000000,0.0000000187
523010,0.0000000000,0.0000194512
523574,0.0000000000,0.0000029835
529165,0.0000000000,0.0000000000
1126315,0.0000000000,0.0000000000
561582,0.0000000000,0.0000000002
646440,0.0000000000,0.0000000000
561611,0.0000000000,0.0000000004
561674,0.0000000000,0.0000000003
1127541,0.0000000000,0.0000000000
561789,0.0000000000,0.0000000001
1127551,0.0000000000,0.0000000000
561809,0.0000000000,0.0000000100
562940,0.0000000000,0.0000028270
1127810,0.0000000000,0.0000000000
573553,0.0000000000,0.0000001032
1138970,0.0000000078,0.0000000000
593544,0.0014050292,0.0000789128
608190,0.0014050292,0.0010083762
1131734,0.0000026401,0.0000000000
576362,0.0000000000,0.0123321078
1128201,0.0000000000,0.0000000000
578365,0.0000000000,0.0000008623
1153900,0.0000484013,0.0000000000
578650,0.0000000000,0.0061081909
1128943,0.0009413612,0.0000000000
1128978,0.0009413612,0.0000000000
593559,0.0004529857,0.0000343166
593560,0.0004529857,0.0000343166
579108,0.0000000000,0.0057955726
1128437,0.0000000000,0.0000000000
582349,0.0000000000,0.0000000000
592993,0.0000000000,0.0059448066
592996,0.0000000000,0.0001426282
593248,0.0000000000,0.0000000000
593104,0.0000000000,0.0003755595
1129015,0.0000288683,0.0000000000
593201,0.0000000000,0.0057983373
593209,0.0000000000,0.0000072444
1153896,0.0000149638,0.0000000000
594011,0.0000000000,0.0001942046
594039,0.0000000000,0.0000021870
594119,0.0000000000,0.0000000000
1129021,0.0000000000,0.0000000000
594483,0.0000000000,0.0000000000
1129040,0.0000000000,0.0000000000
594511,0.0000000000,0.0000459163
601462,0.0000000000,0.0006081224
1129368,0.0000460692,0.0000000000
1129369,0.0000460692,0.0000000000
604073,0.0000000000,0.0000000000
1129494,0.0000000000,0.0000000000
610529,0.0000000000,0.0000000000
1153946,0.0000000000,0.0000000000
616336,0.0000000000,0.0000000000
617378,0.0000000000,0.0000000000
1130069,0.0000000000,0.0000000000
617575,0.0000000000,0.0000000000
1130080,0.0000000000,0.0000000000
621555,0.0000000000,0.0000000000
1130243,0.0000000000,0.0000000000
626530,0.0000000000,0.0000000000
1130454,0.0000000000,0.0000000000
1154012,0.0000000000,0.0000000000
626531,0.0000000000,0.0000000000
626574,0.0000000000,0.0000000000
626999,0.0000000000,0.0000009731
628458,0.0000000000,0.0000000000
628459,0.0000000000,0.0000000000
631015,0.0000000000,0.0001799347
633030,0.0000000000,0.0000000000
633031,0.0000000000,0.0000000000
633081,0.0000000000,0.0000001713
672070,0.0000006341,0.0000084109
672071,0.0000006476,0.0000082325
642593,0.0000000000,0.0000000000
1131163,0.0000000000,0.0000000000
642621,0.0000000000,0.0000000000
1131164,0.0000000000,0.0000000000
1131258,0.0000000000,0.0000000000
642641,0.0000000000,0.0000000003
642681,0.0000000000,0.0000000009
644441,0.0000000001,0.0000000000
642798,0.0000000000,0.0000000000
1131172,0.0000000000,0.0000000000
644470,0.0000000000,0.0000000000
642894,0.0000000002,0.0000000005
1131180,0.0000000000,0.0000000000
1131301,0.0000000001,0.0000000000
1131335,0.0000000002,0.0000000000
643239,0.0000000002,0.0000000009
643485,0.0000000003,0.0000000000
645046,0.0000000000,0.0000000000
645870,0.0000000000,0.0000000000
646334,0.0000000000,0.0000000000
646357,0.0000000000,0.0000000000
642920,0.0000000000,0.0000000000
1131184,0.0000000000,0.0000000000
642930,0.0000000000,0.0000000000
1131189,0.0000000000,0.0000000000
1131192,0.0000000000,0.0000000000
1131257,0.0000000002,0.0000000000
1131305,0.0000000002,0.0000000000
1131334,0.0000000003,0.0000000000
644448,0.0000000002,0.0000000000
644577,0.0000000002,0.0000000009
643695,0.0000000000,0.0000009591
643777,0.0000000000,0.0000000000
643735,0.0000000000,0.0000000000
644361,0.0000000000,0.0000000000
645016,0.0000000000,0.0000000000
644363,0.0000000000,0.0000000000
644427,0.0000000000,0.0000000000
1131314,0.0000000000,0.0000000000
644494,0.0000000000,0.0000000000
644843,0.0000000000,0.0000000000
1154071,0.0000000000,0.0000000000
645088,0.0000000000,0.0000000103
645452,0.0000000000,0.0000000000
646289,0.0000000000,0.0000000000
646412,0.0000000000,0.0000000000
1131330,0.0000000000,0.0000000000
646900,0.0000000000,0.0062854710
1131359,0.0005153701,0.0000000000
647315,0.0000000000,0.0001504917
648106,0.0000000000,0.0000000000
1131421,0.0000000000,0.0000000000
648112,0.0000000000,0.0000000000
1131420,0.0000000000,0.0000000000
648121,0.0000000000,0.0000000000
648369,0.0000000000,0.0000000000
1131414,0.0000000000,0.0000000000
650807,0.0000000000,0.0000002357
653628,0.0000000000,0.0000000000
1133930,0.0000000000,0.0000000000
1131741,0.0000124841,0.0000000000
654339,0.0000000721,0.0001638410
654519,0.0000000000,0.0000000000
1131754,0.0000000000,0.0000000000
1131828,0.0000000000,0.0000000000
662250,0.0000000000,0.0000000000
1132073,0.0000000000,0.0000000000
1132406,0.0000000000,0.0000000000
1132443,0.0000151399,0.0000000000
1132505,0.0000007687,0.0000000000
675756,0.0000000000,0.0000100307
682508,0.0000000000,0.0000000000
1132857,0.0000000000,0.0000000000
683294,0.0000000000,0.0000000000
684531,0.0000000000,0.0000175316
687401,0.0000000000,0.0000005546
688824,0.0000000000,0.0000000000
1133008,0.0000000000,0.0000000000
688849,0.0000000000,0.0000009815
1134031,0.0000000000,0.0000000000
709518,0.0000000000,0.0000000000
1134056,0.0000000000,0.0000000000
711994,0.0000000000,0.0000000000
1134197,0.0000000000,0.0000000000
714208,0.0000001874,0.0000000089
1154230,0.0000001874,0.0000000000
733534,0.0000000000,0.0000109944
733576,0.0000000000,0.0000110313
734406,0.0000000000,0.0000002203
735311,0.0000000000,0.0000000000
738941,0.0000000000,0.0000000000
1135455,0.0000000000,0.0000000000
739280,0.0000000000,0.0000000000
739816,0.0000000000,0.0000012960
1140548,0.0000000982,0.0000000000
752684,0.0000000000,0.0000000000
1135955,0.0000000000,0.0000000000
753047,0.0000000086,0.0000063495
1136631,0.0000004838,0.0000000000
1136634,0.0000004810,0.0000000000
753264,0.0000004867,0.0000000377
767763,0.0000004895,0.0000000367
754594,0.0000000000,0.0000000000
1136040,0.0000000000,0.0000000000
756061,0.0000000000,0.0000005335
1136110,0.0000000404,0.0000000000
1136447,0.0000001621,0.0000000000
762980,0.0000000409,0.0000005305
1136449,0.0000000815,0.0000000000
779960,0.0000000000,0.0000000000
1137140,0.0000000000,0.0000000000
814836,0.0000000000,0.0000000000
1138619,0.0000000000,0.0000000000
815073,0.0000000000,0.0000000000
817774,0.0000000000,0.0000000000
820661,0.0000000000,0.0000000000
824245,0.0000000000,0.0000000000
1139009,0.0000000000,0.0000000000
1140231,0.0000000000,0.0000000000
853114,0.0000008579,0.0000112597
853155,0.0000017308,0.0000000000
853115,0.0000000000,0.0000113247
853118,0.0000000000,0.0001628898
