Dataset,Vertices,Edges,MaxBC,Runtime_sec,Memory_MB,AvgDegree,Density
verify_complete_7,7,21,0.000000,0.000000,0.00,6.0000,1.000000e+00
verify_cycle_6,6,6,2.000000,0.000000,0.00,2.0000,4.000000e-01
verify_known_structure,20,35,99.000000,0.000000,0.00,3.5000,1.842105e-01
verify_path_5,5,4,4.000000,0.000000,0.00,1.6000,4.000000e-01
verify_star_9,9,8,28.000000,0.000000,0.00,1.7778,2.222222e-01
er_1000_dense,1000,9865,2937.239008,0.237000,0.11,19.7300,1.974975e-02
er_1000_sparse,1000,2492,12329.851642,0.168000,0.05,4.9840,4.988989e-03
er_100_dense,100,1046,82.967445,0.003000,0.01,20.9200,2.113131e-01
er_100_sparse,100,253,393.016144,0.002000,0.00,5.0600,5.111111e-02
er_10k_dense,10000,49722,82218.916649,14.720000,0.68,9.9444,9.945395e-04
er_10k_sparse,10000,24850,180551.812792,10.072000,0.49,4.9700,4.970497e-04
er_500_dense,500,6364,877.627908,0.142000,0.06,25.4560,5.101403e-02
er_500_sparse,500,1280,3201.663993,0.062000,0.03,5.1200,1.026052e-02
er_5k_dense,5000,37714,23973.875946,4.453000,0.44,15.0856,3.017724e-03
er_5k_sparse,5000,12660,79010.713385,2.454000,0.25,5.0640,1.013003e-03
ba_1k_m3,1000,2991,61640.884220,0.107000,0.05,5.9820,5.987988e-03
ba_1k_m5,1000,4975,46432.337240,0.213000,0.07,9.9500,9.959960e-03
ws_1k_k10_p03,1000,5000,4899.880432,0.212000,0.07,10.0000,1.001001e-02
ws_1k_k6_p01,1000,3000,14064.595197,0.128000,0.05,6.0000,6.006006e-03
er_5k_dense,5000,37714,23973.875946,4.878000,0.44,15.0856,3.017724e-03
er_5k_sparse,5000,12660,79010.713385,2.527000,0.25,5.0640,1.013003e-03
er_10k_dense,10000,49722,82218.916649,14.521000,0.68,9.9444,9.945395e-04
er_10k_sparse,10000,24850,180551.812792,10.042000,0.49,4.9700,4.970497e-04
ba_5k_m3,5000,14991,1668296.017973,2.608000,0.27,5.9964,1.199520e-03
ba_5k_m5,5000,24975,1130944.043620,3.148000,0.34,9.9900,1.998400e-03
ba_10k_m3,10000,29991,8239775.047999,10.583000,0.53,5.9982,5.998800e-04
ws_5k_k6_p01,5000,15000,155296.487484,2.231000,0.27,6.0000,1.200240e-03
cit-DBLP,12592,49621,11391541.943472,17.071000,0.76,7.8814,6.259513e-04
cit-HepTh,27769,352285,31528431.196295,186.544000,3.54,25.3725,9.137330e-04
citeseer,3264,4536,399409.261127,0.323000,0.13,2.7794,8.517964e-04
cora,2708,5278,851504.958547,0.450000,0.12,3.8981,1.440000e-03
verify_complete_7,7,21,0.000000,0.000000,0.00,6.0000,1.000000e+00
verify_cycle_6,6,6,2.000000,0.000000,0.00,2.0000,4.000000e-01
verify_known_structure,20,35,99.000000,0.000000,0.00,3.5000,1.842105e-01
verify_path_5,5,4,4.000000,0.000000,0.00,1.6000,4.000000e-01
verify_star_9,9,8,28.000000,0.000000,0.00,1.7778,2.222222e-01
er_1000_dense,1000,9920,2255.175111,0.200000,0.11,19.8400,1.985986e-02
er_1000_sparse,1000,2511,11105.425677,0.101000,0.05,5.0220,5.027027e-03
er_100_dense,100,1007,96.813471,0.004000,0.01,20.1400,2.034343e-01
er_100_sparse,100,260,515.349562,0.002000,0.01,5.2000,5.252525e-02
er_10k_dense,10000,49700,84442.553098,14.825000,0.68,9.9400,9.940994e-04
er_10k_sparse,10000,25314,180568.253523,8.952000,0.50,5.0628,5.063306e-04
er_500_dense,500,6279,864.411387,0.042000,0.06,25.1160,5.033267e-02
er_500_sparse,500,1212,3358.657649,0.019000,0.02,4.8480,9.715431e-03
er_5k_dense,5000,37567,23225.504822,3.732000,0.44,15.0268,3.005961e-03
er_5k_sparse,5000,12655,85474.642866,2.080000,0.25,5.0620,1.012603e-03
ba_1k_m3,1000,2991,104307.109519,0.080000,0.05,5.9820,5.987988e-03
ba_1k_m5,1000,4975,54951.515531,0.098000,0.07,9.9500,9.959960e-03
ws_1k_k10_p03,1000,5000,4027.345730,0.108000,0.07,10.0000,1.001001e-02
ws_1k_k6_p01,1000,3000,18926.436718,0.075000,0.05,6.0000,6.006006e-03
er_5k_dense,5000,37567,23225.504822,3.719000,0.44,15.0268,3.005961e-03
er_5k_sparse,5000,12655,85474.642866,2.068000,0.25,5.0620,1.012603e-03
er_10k_dense,10000,49700,84442.553098,12.781000,0.68,9.9400,9.940994e-04
er_10k_sparse,10000,25314,180568.253523,8.938000,0.50,5.0628,5.063306e-04
ba_5k_m3,5000,14991,2103187.353250,2.155000,0.27,5.9964,1.199520e-03
ba_5k_m5,5000,24975,970735.035412,2.775000,0.34,9.9900,1.998400e-03
ba_10k_m3,10000,29991,4158558.570514,9.289000,0.53,5.9982,5.998800e-04
ws_5k_k6_p01,5000,15000,120935.241669,1.955000,0.27,6.0000,1.200240e-03
cit-DBLP,12592,49621,11391541.943472,15.221000,0.76,7.8814,6.259513e-04
cit-HepTh,27769,352285,31528431.196295,173.855000,3.54,25.3725,9.137330e-04
citeseer,3264,4536,399409.261127,0.318000,0.13,2.7794,8.517964e-04
cora,2708,5278,851504.958547,0.430000,0.12,3.8981,1.440000e-03
verify_complete_7,7,21,0.000000,0.000000,0.00,6.0000,1.000000e+00
verify_cycle_6,6,6,2.000000,0.000000,0.00,2.0000,4.000000e-01
verify_known_structure,20,35,99.000000,0.000000,0.00,3.5000,1.842105e-01
verify_path_5,5,4,4.000000,0.000000,0.00,1.6000,4.000000e-01
verify_star_9,9,8,28.000000,0.000000,0.00,1.7778,2.222222e-01
er_1000_dense,1000,9989,2626.670651,0.169000,0.11,19.9780,1.999800e-02
er_1000_sparse,1000,2532,15466.183389,0.095000,0.05,5.0640,5.069069e-03
er_100_dense,100,1013,89.770459,0.001000,0.01,20.2600,2.046465e-01
er_100_sparse,100,233,361.159009,0.001000,0.00,4.6600,4.707071e-02
er_10k_dense,10000,50275,82549.341489,12.844000,0.69,10.0550,1.005601e-03
er_10k_sparse,10000,24695,183710.980608,8.786000,0.49,4.9390,4.939494e-04
er_500_dense,500,6318,764.270918,0.045000,0.06,25.2720,5.064529e-02
er_500_sparse,500,1222,4175.053466,0.020000,0.02,4.8880,9.795591e-03
er_5k_dense,5000,37326,24293.803013,3.706000,0.44,14.9304,2.986677e-03
er_5k_sparse,5000,12510,71171.770457,2.076000,0.25,5.0040,1.001000e-03
ba_1k_m3,1000,2991,88189.670767,0.079000,0.05,5.9820,5.987988e-03
ba_1k_m5,1000,4975,64533.304956,0.096000,0.07,9.9500,9.959960e-03
ws_1k_k10_p03,1000,5000,3783.900178,0.103000,0.07,10.0000,1.001001e-02
ws_1k_k6_p01,1000,3000,19430.254470,0.074000,0.05,6.0000,6.006006e-03
er_5k_dense,5000,37326,24293.803013,3.756000,0.44,14.9304,2.986677e-03
er_5k_sparse,5000,12510,71171.770457,2.067000,0.25,5.0040,1.001000e-03
er_10k_dense,10000,50275,82549.341489,12.941000,0.69,10.0550,1.005601e-03
er_10k_sparse,10000,24695,183710.980608,8.943000,0.49,4.9390,4.939494e-04
ba_5k_m3,5000,14991,1713803.100836,2.182000,0.27,5.9964,1.199520e-03
ba_5k_m5,5000,24975,978619.338784,2.763000,0.34,9.9900,1.998400e-03
ba_10k_m3,10000,29991,11401994.125226,9.338000,0.53,5.9982,5.998800e-04
ws_5k_k6_p01,5000,15000,145010.166421,1.989000,0.27,6.0000,1.200240e-03
cit-DBLP,12592,49621,11391541.943472,15.256000,0.76,7.8814,6.259513e-04
cit-HepTh,27769,352285,31528431.196295,174.840000,3.54,25.3725,9.137330e-04
citeseer,3264,4536,399409.261127,0.344000,0.13,2.7794,8.517964e-04
cora,2708,5278,851504.958547,0.455000,0.12,3.8981,1.440000e-03
verify_complete_7,7,21,0.000000,0.000000,0.00,6.0000,1.000000e+00
verify_cycle_6,6,6,2.000000,0.000000,0.00,2.0000,4.000000e-01
verify_known_structure,20,35,99.000000,0.000000,0.00,3.5000,1.842105e-01
verify_path_5,5,4,4.000000,0.000000,0.00,1.6000,4.000000e-01
verify_star_9,9,8,28.000000,0.000000,0.00,1.7778,2.222222e-01
er_1000_dense,1000,10079,2472.286556,0.270000,0.11,20.1580,2.017818e-02
er_1000_sparse,1000,2457,13379.112983,0.177000,0.05,4.9140,4.918919e-03
er_100_dense,100,975,96.730919,0.003000,0.01,19.5000,1.969697e-01
er_100_sparse,100,226,514.882334,0.002000,0.00,4.5200,4.565657e-02
er_10k_dense,10000,49906,77435.961285,17.590000,0.69,9.9812,9.982198e-04
er_10k_sparse,10000,25268,202364.508023,12.291000,0.50,5.0536,5.054105e-04
er_500_dense,500,6063,799.370643,0.147000,0.06,24.2520,4.860120e-02
er_500_sparse,500,1253,4050.327962,0.074000,0.02,5.0120,1.004409e-02
er_5k_dense,5000,37339,22994.623136,5.040000,0.44,14.9356,2.987718e-03
er_5k_sparse,5000,12383,77305.301187,2.680000,0.25,4.9532,9.908382e-04
ba_1k_m3,1000,2991,85722.572137,0.197000,0.05,5.9820,5.987988e-03
ba_1k_m5,1000,4975,62294.766984,0.182000,0.07,9.9500,9.959960e-03
ws_1k_k10_p03,1000,5000,4044.136483,0.192000,0.07,10.0000,1.001001e-02
ws_1k_k6_p01,1000,3000,17438.838170,0.171000,0.05,6.0000,6.006006e-03
er_5k_dense,5000,37339,22994.623136,5.030000,0.44,14.9356,2.987718e-03
er_5k_sparse,5000,12383,77305.301187,2.999000,0.25,4.9532,9.908382e-04
er_10k_dense,10000,49906,77435.961285,17.210000,0.69,9.9812,9.982198e-04
er_10k_sparse,10000,25268,202364.508023,10.894000,0.50,5.0536,5.054105e-04
ba_5k_m3,5000,14991,1642913.042626,2.501000,0.27,5.9964,1.199520e-03
ba_5k_m5,5000,24975,1394242.329931,3.743000,0.34,9.9900,1.998400e-03
ba_10k_m3,10000,29991,7801634.417480,14.186000,0.53,5.9982,5.998800e-04
ws_5k_k6_p01,5000,15000,139704.509745,3.139000,0.27,6.0000,1.200240e-03
cit-DBLP,12592,49621,11391541.943472,24.198000,0.76,7.8814,6.259513e-04
cit-HepTh,27769,352285,31528431.196295,282.767000,3.54,25.3725,9.137330e-04
citeseer,3264,4536,399409.261127,0.625000,0.13,2.7794,8.517964e-04
cora,2708,5278,851504.958547,0.741000,0.12,3.8981,1.440000e-03
verify_complete_7,7,21,0.000000,0.000000,0.00,6.0000,1.000000e+00
verify_cycle_6,6,6,2.000000,0.000000,0.00,2.0000,4.000000e-01
verify_known_structure,20,35,99.000000,0.000000,0.00,3.5000,1.842105e-01
verify_path_5,5,4,4.000000,0.000000,0.00,1.6000,4.000000e-01
verify_star_9,9,8,28.000000,0.000000,0.00,1.7778,2.222222e-01
er_1000_dense,1000,9981,2235.215624,0.323000,0.11,19.9620,1.998198e-02
er_1000_sparse,1000,2516,8741.331988,0.230000,0.05,5.0320,5.037037e-03
er_100_dense,100,1038,87.471301,0.004000,0.01,20.7600,2.096970e-01
er_100_sparse,100,236,446.108621,0.003000,0.00,4.7200,4.767677e-02
er_10k_dense,10000,49791,75165.374212,16.377000,0.69,9.9582,9.959196e-04
er_10k_sparse,10000,25140,214457.473714,10.733000,0.50,5.0280,5.028503e-04
er_500_dense,500,6190,787.899933,0.108000,0.06,24.7600,4.961924e-02
er_500_sparse,500,1338,3532.577319,0.054000,0.03,5.3520,1.072545e-02
er_5k_dense,5000,37244,24446.579016,4.586000,0.44,14.8976,2.980116e-03
er_5k_sparse,5000,12675,78321.543021,3.299000,0.25,5.0700,1.014203e-03
ba_1k_m3,1000,2991,96417.055834,0.206000,0.05,5.9820,5.987988e-03
ba_1k_m5,1000,4975,39623.206056,0.233000,0.07,9.9500,9.959960e-03
ws_1k_k10_p03,1000,5000,3992.097530,0.290000,0.07,10.0000,1.001001e-02
ws_1k_k6_p01,1000,3000,17267.680510,0.295000,0.05,6.0000,6.006006e-03
er_5k_dense,5000,37244,24446.579016,5.471000,0.44,14.8976,2.980116e-03
er_5k_sparse,5000,12675,78321.543021,3.397000,0.25,5.0700,1.014203e-03
er_10k_dense,10000,49791,75165.374212,20.878000,0.69,9.9582,9.959196e-04
er_10k_sparse,10000,25140,214457.473714,12.770000,0.50,5.0280,5.028503e-04
ba_5k_m3,5000,14991,1155800.618040,2.938000,0.27,5.9964,1.199520e-03
ba_5k_m5,5000,24975,1182075.072246,3.805000,0.34,9.9900,1.998400e-03
ba_10k_m3,10000,29991,6549894.061583,20.453000,0.53,5.9982,5.998800e-04
ws_5k_k6_p01,5000,15000,171428.172507,4.009000,0.27,6.0000,1.200240e-03
cit-DBLP,12592,49621,11391541.943472,29.867000,0.76,7.8814,6.259513e-04
cit-HepTh,27769,352285,31528431.196295,298.931000,3.54,25.3725,9.137330e-04
citeseer,3264,4536,399409.261127,0.614000,0.13,2.7794,8.517964e-04
cora,2708,5278,851504.958547,0.738000,0.12,3.8981,1.440000e-03
verify_complete_7,7,21,0.000000,0.000000,0.00,6.0000,1.000000e+00
verify_cycle_6,6,6,2.000000,0.000000,0.00,2.0000,4.000000e-01
verify_known_structure,20,35,99.000000,0.000000,0.00,3.5000,1.842105e-01
verify_path_5,5,4,4.000000,0.000000,0.00,1.6000,4.000000e-01
verify_star_9,9,8,28.000000,0.000000,0.00,1.7778,2.222222e-01
er_1000_dense,1000,9832,2701.207683,0.259000,0.11,19.6640,1.968368e-02
er_1000_sparse,1000,2472,10550.750820,0.143000,0.05,4.9440,4.948949e-03
er_100_dense,100,1002,93.994539,0.002000,0.01,20.0400,2.024242e-01
er_100_sparse,100,226,430.460415,0.002000,0.00,4.5200,4.565657e-02
er_10k_dense,10000,49920,85612.364222,15.257000,0.69,9.9840,9.984998e-04
er_10k_sparse,10000,25099,203522.260330,9.615000,0.50,5.0198,5.020302e-04
er_500_dense,500,6179,744.098200,0.120000,0.06,24.7160,4.953106e-02
er_500_sparse,500,1303,4728.410176,0.068000,0.03,5.2120,1.044489e-02
er_5k_dense,5000,37324,21478.891604,4.173000,0.44,14.9296,2.986517e-03
er_5k_sparse,5000,12575,87729.905912,2.322000,0.25,5.0300,1.006201e-03
ba_1k_m3,1000,2991,70765.647732,0.176000,0.05,5.9820,5.987988e-03
ba_1k_m5,1000,4975,35000.445944,0.169000,0.07,9.9500,9.959960e-03
ws_1k_k10_p03,1000,5000,4341.705174,0.204000,0.07,10.0000,1.001001e-02
ws_1k_k6_p01,1000,3000,19320.286087,0.107000,0.05,6.0000,6.006006e-03
er_5k_dense,5000,37324,21478.891604,4.154000,0.44,14.9296,2.986517e-03
er_5k_sparse,5000,12575,87729.905912,2.313000,0.25,5.0300,1.006201e-03
er_10k_dense,10000,49920,85612.364222,14.425000,0.69,9.9840,9.984998e-04
er_10k_sparse,10000,25099,203522.260330,10.352000,0.50,5.0198,5.020302e-04
ba_5k_m3,5000,14991,1981668.970475,2.406000,0.27,5.9964,1.199520e-03
ba_5k_m5,5000,24975,1003248.465263,3.098000,0.34,9.9900,1.998400e-03
ba_10k_m3,10000,29991,6487931.614776,10.075000,0.53,5.9982,5.998800e-04
ws_5k_k6_p01,5000,15000,170233.201376,2.219000,0.27,6.0000,1.200240e-03
cit-DBLP,12592,49621,11391541.943472,15.948000,0.76,7.8814,6.259513e-04
