node_id,eigen_centrality,in_degree,out_degree
35,0.000000,166,3
1033,0.000000,2,3
103482,0.000000,5,1
103515,0.000000,9,2
1050679,0.000000,0,4
1103960,0.000000,0,5
1103985,0.000000,0,2
1109199,0.000000,0,3
1112911,0.000000,0,4
1113438,0.000000,0,5
1113831,0.000000,0,3
1114331,0.000000,0,5
1117476,0.000000,0,3
1119505,0.000000,0,2
1119708,0.000000,0,5
1120431,0.000000,0,4
1123756,0.000000,0,4
1125386,0.000000,0,4
1127430,0.000000,0,2
1127913,0.000000,0,4
1128204,0.000000,0,2
1128227,0.000000,0,4
1128314,0.000000,0,3
1128453,0.000000,0,4
1128945,0.000000,0,1
1128959,0.000000,0,2
1128985,0.000000,0,4
1129018,0.000000,0,2
1129027,0.000000,0,2
1129573,0.000000,0,3
1129683,0.000000,0,5
1129778,0.000000,0,4
1130847,0.000000,0,3
1130856,0.000000,0,2
1131116,0.000000,0,4
1131360,0.000000,0,4
1131557,0.000000,0,2
1131752,0.000000,0,2
1133196,0.000000,0,2
1133338,0.000000,0,2
1136814,0.000000,0,3
1137466,0.000000,0,1
1152421,0.000000,0,4
1152508,0.000000,0,1
1153065,0.000000,0,2
1153280,0.000000,0,4
1153577,0.000000,0,5
1153853,0.000000,0,4
1153943,0.000000,0,5
1154176,0.000000,0,2
1154459,0.000000,0,4
116552,0.000000,2,2
12576,0.000000,19,4
128540,0.000000,1,4
132806,0.000000,3,2
135130,0.000000,3,3
141342,0.000000,7,1
141347,0.000000,1,2
148170,0.000000,2,1
15670,0.000000,1,1
1688,0.000000,15,2
175291,0.000000,1,5
178727,0.000000,1,1
18582,0.000000,0,3
190697,0.000000,0,5
190706,0.000000,2,3
1956,0.000000,8,4
197054,0.000000,1,5
198443,0.000000,1,4
198653,0.000000,5,2
206371,0.000000,1,3
210871,0.000000,13,5
229635,0.000000,0,3
231249,0.000000,2,1
248425,0.000000,4,2
249421,0.000000,2,3
254923,0.000000,2,3
259701,0.000000,1,1
259702,0.000000,2,3
263279,0.000000,1,4
263498,0.000000,2,2
265203,0.000000,1,2
273152,0.000000,1,4
27510,0.000000,4,2
28290,0.000000,6,2
286500,0.000000,0,3
287787,0.000000,10,2
28851,0.000000,3,1
289779,0.000000,2,2
289780,0.000000,3,4
289781,0.000000,4,2
307015,0.000000,4,2
335733,0.000000,1,2
33904,0.000000,2,3
33907,0.000000,5,4
35061,0.000000,12,3
38205,0.000000,11,3
387795,0.000000,1,4
415693,0.000000,1,3
41714,0.000000,11,2
427606,0.000000,4,1
44368,0.000000,1,3
45599,0.000000,0,2
46079,0.000000,2,1
46431,0.000000,0,4
486840,0.000000,2,2
48766,0.000000,2,3
503883,0.000000,9,2
503893,0.000000,3,2
513189,0.000000,4,3
54129,0.000000,14,1
54131,0.000000,11,4
56119,0.000000,4,5
561238,0.000000,0,2
568857,0.000000,2,5
573964,0.000000,3,2
573978,0.000000,0,3
574009,0.000000,1,1
574264,0.000000,2,1
574462,0.000000,0,2
575077,0.000000,8,2
575292,0.000000,2,3
575331,0.000000,0,2
576725,0.000000,1,2
576795,0.000000,1,3
577227,0.000000,1,1
578780,0.000000,0,4
579008,0.000000,5,3
592973,0.000000,2,1
593091,0.000000,1,5
593105,0.000000,0,4
593240,0.000000,2,4
593260,0.000000,0,3
593813,0.000000,0,4
594047,0.000000,2,2
594543,0.000000,0,2
594649,0.000000,0,4
594900,0.000000,0,2
608326,0.000000,2,2
634902,0.000000,1,2
634904,0.000000,1,2
634938,0.000000,1,2
634975,0.000000,0,4
640617,0.000000,1,2
646809,0.000000,3,3
646837,0.000000,0,2
647408,0.000000,0,3
647447,0.000000,1,4
66556,0.000000,5,3
66563,0.000000,2,4
66805,0.000000,2,2
69284,0.000000,2,5
69296,0.000000,1,4
694759,0.000000,0,2
735303,0.000000,1,2
78511,0.000000,3,4
787016,0.000000,1,3
801170,0.000000,0,5
81722,0.000000,0,2
82098,0.000000,1,2
84021,0.000000,7,5
85352,0.000000,16,1
86359,0.000000,4,3
8865,0.000000,7,1
887,0.000000,27,3
97645,0.000000,2,1
98698,0.000000,1,3
40,0.000000,3,1
1109017,0.000000,0,1
1114442,0.000000,0,5
114,0.000000,42,0
1103315,0.000000,0,5
1105394,0.000000,0,2
1106112,0.000000,0,3
1106172,0.000000,0,4
1106406,0.000000,0,4
1107455,0.000000,0,4
1111052,0.000000,0,4
1114125,0.000000,0,2
1117942,0.000000,0,3
1118245,0.000000,0,4
1118332,0.000000,0,2
1120170,0.000000,0,2
1126029,0.000000,0,4
124064,0.000000,3,5
128,0.000000,4,4
130,0.000000,3,4
136665,0.000000,1,1
191404,0.000000,0,1
193742,0.000000,2,4
23258,0.000000,3,5
28227,0.000000,2,3
28287,0.000000,8,5
28350,0.000000,12,2
28387,0.000000,1,4
28471,0.000000,1,4
28485,0.000000,2,3
341188,0.000000,2,5
38480,0.000000,1,5
39403,0.000000,1,4
434,0.000000,1,5
55968,0.000000,1,4
58540,0.000000,1,3
6155,0.000000,1,5
6170,0.000000,0,2
6196,0.000000,6,3
6220,0.000000,3,5
64484,0.000000,1,1
7432,0.000000,0,2
755217,0.000000,0,5
8213,0.000000,0,3
91975,0.000000,1,5
976334,0.000000,0,5
117,0.000000,17,0
1109581,0.000000,0,5
149669,0.000000,1,4
17476,0.000000,9,4
189708,0.000000,1,1
206259,0.000000,0,3
28202,0.000000,3,4
28278,0.000000,1,5
32872,0.000000,1,3
33013,0.000000,0,3
6214,0.000000,28,4
75674,0.000000,2,2
20526,0.000000,2,4
13960,0.000000,0,5
345340,0.000000,0,5
288,0.000000,2,1
1118092,0.000000,0,3
36167,0.000000,1,3
424,0.000000,3,2
1135125,0.000000,0,3
218666,0.000000,0,1
47684,0.000000,0,3
267003,0.000000,1,1
463,0.000000,1,0
58454,0.000000,2,1
504,0.000000,4,0
1102364,0.000000,0,2
1112650,0.000000,0,1
506,0.000000,3,2
89416,0.000000,5,2
1106546,0.000000,0,3
10796,0.000000,14,3
1105033,0.000000,0,2
1111304,0.000000,0,5
1113614,0.000000,0,3
114308,0.000000,1,1
134128,0.000000,3,5
161221,0.000000,1,3
170798,0.000000,1,2
19045,0.000000,4,2
20972,0.000000,1,2
28456,0.000000,0,5
299195,0.000000,0,3
299197,0.000000,0,5
334153,0.000000,1,3
35490,0.000000,4,1
595056,0.000000,0,5
6151,0.000000,9,3
6213,0.000000,76,3
6215,0.000000,2,3
64519,0.000000,3,1
87363,0.000000,1,4
906,0.000000,7,0
1103979,0.000000,0,3
1105344,0.000000,0,4
1114352,0.000000,0,4
1136397,0.000000,0,5
1140040,0.000000,0,3
34355,0.000000,1,2
910,0.000000,41,5
1104379,0.000000,0,4
1105530,0.000000,0,2
1108834,0.000000,0,5
1110520,0.000000,0,2
1114118,0.000000,0,2
1116569,0.000000,0,2
1118848,0.000000,0,2
1120858,0.000000,0,3
1122460,0.000000,0,2
1126044,0.000000,0,5
1129111,0.000000,0,2
1135137,0.000000,0,3
1152194,0.000000,0,2
12439,0.000000,3,3
12946,0.000000,0,2
131042,0.000000,1,3
13136,0.000000,2,1
160705,0.000000,0,3
227286,0.000000,1,4
242637,0.000000,1,3
31043,0.000000,0,3
340075,0.000000,0,3
340078,0.000000,2,2
35905,0.000000,4,2
42847,0.000000,1,4
436796,0.000000,0,2
48550,0.000000,2,4
5462,0.000000,4,1
576257,0.000000,2,2
58552,0.000000,2,2
5869,0.000000,2,2
636511,0.000000,0,4
67292,0.000000,1,1
675649,0.000000,1,4
684372,0.000000,0,3
94953,0.000000,0,1
936,0.000000,8,0
1107010,0.000000,0,4
1111899,0.000000,0,3
129558,0.000000,0,2
207395,0.000000,0,4
3084,0.000000,3,3
3828,0.000000,4,4
38845,0.000000,2,4
940,0.000000,3,1
20180,0.000000,2,2
28265,0.000000,2,2
941,0.000000,5,0
943,0.000000,3,2
1152896,0.000000,0,5
91852,0.000000,1,4
1026,0.000000,5,0
1034,0.000000,1,3
1102550,0.000000,0,4
1105231,0.000000,0,2
1129798,0.000000,0,1
1153945,0.000000,0,2
1107062,0.000000,0,3
1035,0.000000,3,2
1110515,0.000000,0,4
1213,0.000000,3,1
1154525,0.000000,0,3
409725,0.000000,0,2
8766,0.000000,1,1
1237,0.000000,4,0
102938,0.000000,1,3
1102400,0.000000,0,3
143676,0.000000,1,3
1246,0.000000,5,0
1104007,0.000000,0,4
42207,0.000000,1,4
57764,0.000000,1,5
6125,0.000000,5,5
1272,0.000000,32,2
1102625,0.000000,0,3
1108167,0.000000,0,5
1120962,0.000000,0,3
112378,0.000000,5,5
1123867,0.000000,0,2
1128256,0.000000,0,2
1129208,0.000000,0,3
1135358,0.000000,0,2
157805,0.000000,1,2
18615,0.000000,3,5
192734,0.000000,0,3
20593,0.000000,0,3
27230,0.000000,1,3
284414,0.000000,1,1
30895,0.000000,5,5
30901,0.000000,0,5
444240,0.000000,0,3
520471,0.000000,1,1
52835,0.000000,1,2
552469,0.000000,0,2
560936,0.000000,2,4
591016,0.000000,2,2
636098,0.000000,0,3
65653,0.000000,2,5
6917,0.000000,2,5
6923,0.000000,6,3
85452,0.000000,2,2
85688,0.000000,5,1
93923,0.000000,1,3
97892,0.000000,0,4
1365,0.000000,74,0
1031453,0.000000,0,2
1102407,0.000000,0,1
1105062,0.000000,0,1
1106287,0.000000,0,4
1108050,0.000000,0,3
1110494,0.000000,0,1
1110998,0.000000,0,4
1113995,0.000000,0,2
1114153,0.000000,0,2
1114388,0.000000,0,3
1114605,0.000000,0,2
1116347,0.000000,0,5
1116594,0.000000,0,2
1117653,0.000000,0,2
1119140,0.000000,0,3
1120211,0.000000,0,2
1120866,0.000000,0,1
1128839,0.000000,0,3
1129443,0.000000,0,1
1130600,0.000000,0,4
1131647,0.000000,0,2
1131745,0.000000,0,2
1131748,0.000000,0,2
1132922,0.000000,0,1
1132968,0.000000,0,5
1135368,0.000000,0,1
1136422,0.000000,0,2
1136442,0.000000,0,1
1152143,0.000000,0,4
1152821,0.000000,0,1
1154169,0.000000,0,2
120084,0.000000,1,4
139865,0.000000,2,2
157401,0.000000,1,2
171225,0.000000,0,2
184918,0.000000,2,4
188318,0.000000,1,3
188471,0.000000,1,4
22835,0.000000,2,1
23448,0.000000,0,3
23502,0.000000,2,4
23507,0.000000,7,4
237521,0.000000,1,1
26850,0.000000,1,1
330148,0.000000,2,3
340299,0.000000,1,2
39904,0.000000,0,2
49482,0.000000,4,3
562123,0.000000,1,3
628500,0.000000,2,4
648232,0.000000,1,1
649731,0.000000,2,2
69392,0.000000,1,3
7276,0.000000,1,4
7297,0.000000,3,4
77758,0.000000,9,1
782486,0.000000,0,3
83826,0.000000,1,3
85299,0.000000,3,1
853150,0.000000,0,1
90888,0.000000,3,2
93555,0.000000,5,1
948299,0.000000,0,3
948846,0.000000,0,1
949318,0.000000,0,1
949511,0.000000,0,2
950052,0.000000,0,2
950305,0.000000,0,2
1481,0.000000,16,0
1102567,0.000000,0,2
1106052,0.000000,0,3
1108267,0.000000,0,5
1111614,0.000000,0,1
1113934,0.000000,0,5
1114864,0.000000,0,4
1117184,0.000000,0,4
1119295,0.000000,0,3
1120563,0.000000,0,5
1153891,0.000000,0,4
200480,0.000000,0,5
399173,0.000000,0,1
4878,0.000000,1,1
521207,0.000000,1,5
521269,0.000000,1,2
1134022,0.000000,0,2
152483,0.000000,2,2
1694,0.000000,1,2
39474,0.000000,1,3
647413,0.000000,0,3
1717,0.000000,5,4
1115291,0.000000,0,4
1116336,0.000000,0,2
1135108,0.000000,0,3
50381,0.000000,1,3
733167,0.000000,1,1
1786,0.000000,1,3
35797,0.000000,10,4
1817,0.000000,1,1
1114502,0.000000,0,5
1919,0.000000,2,1
1108389,0.000000,0,5
1949,0.000000,2,4
129042,0.000000,3,1
3101,0.000000,4,3
1951,0.000000,1,0
3095,0.000000,4,2
1952,0.000000,4,1
1107215,0.000000,0,3
1953,0.000000,4,0
1153166,0.000000,0,2
1153724,0.000000,0,2
1153728,0.000000,0,4
1955,0.000000,4,0
110163,0.000000,2,5
1110390,0.000000,0,3
101143,0.000000,2,3
1118302,0.000000,0,2
1153101,0.000000,0,3
1153150,0.000000,0,3
263486,0.000000,1,2
83449,0.000000,3,3
1959,0.000000,10,0
3097,0.000000,5,3
310530,0.000000,1,4
38839,0.000000,1,3
73327,0.000000,5,3
82664,0.000000,2,1
1997,0.000000,9,2
1102442,0.000000,0,2
1108551,0.000000,0,2
1109439,0.000000,0,3
1109542,0.000000,0,1
129897,0.000000,0,5
154982,0.000000,6,2
3233,0.000000,9,4
49811,0.000000,2,2
7032,0.000000,5,1
1999,0.000000,5,0
1123068,0.000000,0,5
1131471,0.000000,0,3
39126,0.000000,2,5
6771,0.000000,1,5
2354,0.000000,7,2
10186,0.000000,1,5
1107140,0.000000,0,2
1113852,0.000000,0,3
1130539,0.000000,0,5
154134,0.000000,0,4
40151,0.000000,9,1
74749,0.000000,3,2
2440,0.000000,30,1
1000012,0.000000,0,5
1061127,0.000000,0,1
1106388,0.000000,0,5
1107095,0.000000,0,3
1110426,0.000000,0,4
1114512,0.000000,0,3
1117786,0.000000,0,3
1120650,0.000000,0,3
1127619,0.000000,0,2
1153254,0.000000,0,1
136766,0.000000,1,5
136768,0.000000,1,3
151430,0.000000,1,2
212777,0.000000,0,3
23546,0.000000,1,1
49843,0.000000,3,5
49844,0.000000,1,5
49847,0.000000,1,4
582343,0.000000,1,5
591017,0.000000,1,4
63931,0.000000,5,2
72908,0.000000,4,1
2653,0.000000,18,0
102406,0.000000,0,3
107177,0.000000,1,1
1104055,0.000000,0,4
1116268,0.000000,0,5
1116842,0.000000,0,2
1118764,0.000000,0,4
1119751,0.000000,0,4
1152075,0.000000,0,2
167656,0.000000,0,5
197783,0.000000,0,3
28641,0.000000,0,4
321861,0.000000,1,2
350362,0.000000,0,3
4660,0.000000,4,4
59045,0.000000,1,2
65650,0.000000,4,5
2654,0.000000,13,0
1104851,0.000000,0,4
1106630,0.000000,0,5
1107861,0.000000,0,3
1110438,0.000000,0,4
1121867,0.000000,0,5
1123926,0.000000,0,2
211906,0.000000,0,1
27250,0.000000,0,4
463825,0.000000,0,4
52784,0.000000,1,4
2658,0.000000,17,3
1115375,0.000000,0,3
1130676,0.000000,0,4
1130808,0.000000,0,3
1131607,0.000000,0,3
1132948,0.000000,0,3
1135899,0.000000,0,3
1140230,0.000000,0,2
230884,0.000000,4,3
236759,0.000000,0,4
282700,0.000000,1,1
395540,0.000000,1,2
578347,0.000000,1,5
696342,0.000000,0,3
696345,0.000000,4,4
696346,0.000000,0,5
751408,0.000000,1,4
99023,0.000000,3,3
2663,0.000000,1,1
1119671,0.000000,0,1
2665,0.000000,28,3
1105574,0.000000,0,3
1113035,0.000000,0,3
1122704,0.000000,0,2
1132486,0.000000,0,4
205192,0.000000,3,2
237489,0.000000,2,2
43639,0.000000,2,1
578306,0.000000,1,3
578309,0.000000,1,5
578337,0.000000,5,4
582139,0.000000,2,2
630817,0.000000,1,1
631052,0.000000,0,5
763009,0.000000,3,3
2695,0.000000,4,4
1108169,0.000000,0,3
1120197,0.000000,0,2
2698,0.000000,5,2
342802,0.000000,1,4
2696,0.000000,17,1
1114192,0.000000,0,4
1118083,0.000000,0,3
1123239,0.000000,0,2
1133004,0.000000,0,2
256106,0.000000,1,3
469504,0.000000,0,3
5348,0.000000,15,1
99025,0.000000,0,5
2702,0.000000,4,0
1120777,0.000000,0,4
12330,0.000000,9,1
395553,0.000000,2,4
72056,0.000000,1,1
1107171,0.000000,0,4
255233,0.000000,1,2
33303,0.000000,0,4
3085,0.000000,6,3
15889,0.000000,7,1
221302,0.000000,1,3
30973,0.000000,0,2
395725,0.000000,2,4
5062,0.000000,5,2
110162,0.000000,2,4
218682,0.000000,1,2
1106236,0.000000,0,4
129045,0.000000,2,2
110164,0.000000,0,5
70441,0.000000,0,3
3112,0.000000,8,2
103529,0.000000,1,2
1152564,0.000000,0,2
470511,0.000000,0,3
77826,0.000000,2,2
77829,0.000000,2,1
3187,0.000000,5,1
1110000,0.000000,0,2
129896,0.000000,0,4
280876,0.000000,1,2
5086,0.000000,11,3
3191,0.000000,15,4
105865,0.000000,2,2
1106789,0.000000,0,2
1127530,0.000000,0,2
1131267,0.000000,0,2
137873,0.000000,0,3
162664,0.000000,5,2
308920,0.000000,0,3
310742,0.000000,0,3
3192,0.000000,8,3
423463,0.000000,0,3
561364,0.000000,1,3
642827,0.000000,0,5
3217,0.000000,5,0
167670,0.000000,1,5
238099,0.000000,1,2
86840,0.000000,0,5
3218,0.000000,15,0
1106492,0.000000,0,4
1119987,0.000000,0,3
1120169,0.000000,0,4
1152290,0.000000,0,4
1153264,0.000000,0,2
187354,0.000000,3,2
277263,0.000000,0,3
35070,0.000000,0,2
417017,0.000000,0,4
6639,0.000000,4,3
66782,0.000000,2,1
6767,0.000000,7,2
6941,0.000000,1,3
3220,0.000000,17,1
1115677,0.000000,0,2
1125992,0.000000,0,5
1128430,0.000000,0,3
1130634,0.000000,0,2
1131728,0.000000,0,5
1132706,0.000000,0,2
120039,0.000000,0,3
145215,0.000000,3,4
346243,0.000000,1,2
36620,0.000000,3,4
39124,0.000000,0,3
40922,0.000000,0,1
429805,0.000000,0,4
654177,0.000000,1,4
69397,0.000000,0,3
8832,0.000000,1,1
3222,0.000000,6,0
1103737,0.000000,0,4
1114222,0.000000,0,3
1131137,0.000000,0,5
1132157,0.000000,0,2
964248,0.000000,0,3
3223,0.000000,5,0
3229,0.000000,61,4
100197,0.000000,3,1
1105718,0.000000,0,3
1106568,0.000000,0,2
1108209,0.000000,0,2
1109392,0.000000,0,3
1112767,0.000000,0,2
1125082,0.000000,0,1
1125895,0.000000,0,2
1126037,0.000000,0,2
1128868,0.000000,0,2
1130915,0.000000,0,2
1130927,0.000000,0,2
1130931,0.000000,0,2
1132418,0.000000,0,4
1140289,0.000000,0,2
1152277,0.000000,0,4
1152673,0.000000,0,4
1154251,0.000000,0,4
118559,0.000000,2,1
133550,0.000000,3,2
16461,0.000000,1,2
189577,0.000000,0,4
25181,0.000000,6,2
25184,0.000000,2,4
27174,0.000000,4,3
27631,0.000000,3,5
31769,0.000000,2,4
33412,0.000000,3,1
35343,0.000000,1,3
35863,0.000000,3,3
35922,0.000000,13,4
390922,0.000000,0,3
396412,0.000000,0,5
444191,0.000000,2,2
447250,0.000000,0,4
52515,0.000000,3,2
62347,0.000000,1,2
641976,0.000000,3,3
654326,0.000000,2,2
7022,0.000000,0,1
72101,0.000000,1,2
82087,0.000000,0,4
919885,0.000000,0,1
92065,0.000000,1,2
96335,0.000000,0,5
3231,0.000000,32,5
104840,0.000000,0,4
1102761,0.000000,0,3
1106330,0.000000,0,3
1106370,0.000000,0,3
1107067,0.000000,0,5
1113926,0.000000,0,2
1115471,0.000000,0,2
1128536,0.000000,0,2
1153169,0.000000,0,2
180399,0.000000,2,2
20850,0.000000,0,4
259126,0.000000,0,2
3237,0.000000,1,4
328370,0.000000,0,2
49660,0.000000,2,4
6334,0.000000,13,4
63477,0.000000,0,3
63486,0.000000,3,5
66594,0.000000,1,5
68463,0.000000,0,3
8699,0.000000,2,3
8821,0.000000,2,3
3232,0.000000,7,0
20942,0.000000,0,2
521251,0.000000,1,3
1125467,0.000000,0,2
192850,0.000000,1,4
272720,0.000000,1,4
509379,0.000000,1,2
976284,0.000000,0,5
3235,0.000000,2,0
3236,0.000000,5,0
601561,0.000000,0,3
3240,0.000000,6,1
1110531,0.000000,0,3
39130,0.000000,4,2
3243,0.000000,12,0
1103610,0.000000,0,2
1110947,0.000000,0,4
1113739,0.000000,0,4
307336,0.000000,2,2
31932,0.000000,1,4
368431,0.000000,1,3
854434,0.000000,0,1
3932,0.000000,1,2
5075,0.000000,3,1
4274,0.000000,3,0
1105428,0.000000,0,3
1114664,0.000000,0,2
1119078,0.000000,0,3
4329,0.000000,7,1
105899,0.000000,1,4
1110768,0.000000,0,1
28254,0.000000,4,5
395547,0.000000,0,4
46468,0.000000,1,3
510718,0.000000,0,3
4330,0.000000,38,2
1103676,0.000000,0,3
1104449,0.000000,0,3
11093,0.000000,1,1
1112929,0.000000,0,2
1132459,0.000000,0,2
1132461,0.000000,0,5
1136393,0.000000,0,2
1152917,0.000000,0,2
118436,0.000000,0,4
119956,0.000000,0,2
120013,0.000000,0,2
151708,0.000000,1,1
168410,0.000000,0,5
32688,0.000000,2,1
37884,0.000000,1,3
390889,0.000000,0,4
428610,0.000000,0,3
684986,0.000000,2,1
69418,0.000000,0,2
753265,0.000000,1,2
949217,0.000000,0,4
4335,0.000000,16,0
1104300,0.000000,0,2
1121254,0.000000,0,3
1136310,0.000000,0,1
1140547,0.000000,0,2
116790,0.000000,1,4
239800,0.000000,1,4
32698,0.000000,1,4
62274,0.000000,3,3
62417,0.000000,2,1
755082,0.000000,1,1
95718,0.000000,1,4
4553,0.000000,1,0
1102548,0.000000,0,1
4584,0.000000,32,0
1120020,0.000000,0,3
1130567,0.000000,0,5
13885,0.000000,5,2
13917,0.000000,1,2
293285,0.000000,0,2
6184,0.000000,8,4
6210,0.000000,1,4
628815,0.000000,1,2
4637,0.000000,1,1
164,0.000000,0,5
4649,0.000000,9,0
1105887,0.000000,0,2
1127851,0.000000,0,5
135765,0.000000,1,2
135766,0.000000,3,1
411092,0.000000,0,3
449841,0.000000,1,3
8703,0.000000,15,4
429781,0.000000,0,3
5038,0.000000,0,4
4804,0.000000,14,4
102884,0.000000,1,1
1108175,0.000000,0,2
1112574,0.000000,0,3
1153262,0.000000,0,4
12182,0.000000,20,3
12210,0.000000,7,3
157761,0.000000,1,4
25805,0.000000,4,4
45189,0.000000,8,3
68505,0.000000,0,2
77515,0.000000,1,3
989397,0.000000,0,4
4983,0.000000,1,0
7867,0.000000,2,1
5055,0.000000,6,0
28026,0.000000,2,2
5064,0.000000,7,4
5069,0.000000,3,5
1121176,0.000000,0,1
1129106,0.000000,0,1
272345,0.000000,0,2
385067,0.000000,1,3
109323,0.000000,1,1
1105698,0.000000,0,1
137849,0.000000,2,2
354004,0.000000,1,1
440815,0.000000,1,2
79809,0.000000,8,5
5194,0.000000,5,0
1152714,0.000000,0,3
133563,0.000000,3,3
133566,0.000000,1,4
140569,0.000000,0,2
139547,0.000000,0,3
75695,0.000000,4,2
911198,0.000000,0,4
5454,0.000000,3,0
1128425,0.000000,0,4
1130680,0.000000,0,3
5600,0.000000,5,1
1022969,0.000000,0,2
1117833,0.000000,0,1
5959,0.000000,4,1
152226,0.000000,1,2
545647,0.000000,1,3
582511,0.000000,1,3
5966,0.000000,8,0
1107572,0.000000,0,3
12211,0.000000,1,2
27612,0.000000,2,3
385251,0.000000,0,2
6130,0.000000,5,3
1154123,0.000000,0,5
1154124,0.000000,0,5
671269,0.000000,5,1
675847,0.000000,1,2
1106547,0.000000,0,3
1107355,0.000000,0,4
1385,0.000000,0,4
6152,0.000000,1,2
6163,0.000000,8,4
1106966,0.000000,0,3
20534,0.000000,7,3
96847,0.000000,1,4
6169,0.000000,6,1
1114629,0.000000,0,2
170338,0.000000,0,3
7419,0.000000,7,3
10981,0.000000,2,1
1120731,0.000000,0,5
13686,0.000000,4,4
399339,0.000000,1,3
1153056,0.000000,0,2
81350,0.000000,2,3
6209,0.000000,11,0
1108329,0.000000,0,5
118259,0.000000,2,1
118260,0.000000,1,3
181782,0.000000,0,3
212930,0.000000,0,4
8875,0.000000,5,5
95579,0.000000,0,4
1105764,0.000000,0,5
1109957,0.000000,0,3
1111230,0.000000,0,2
1113182,0.000000,0,3
1113459,0.000000,0,5
1117760,0.000000,0,3
1122425,0.000000,0,4
1123553,0.000000,0,2
1128267,0.000000,0,2
1129096,0.000000,0,2
1129243,0.000000,0,3
13193,0.000000,2,3
153598,0.000000,1,2
17208,0.000000,5,4
195361,0.000000,1,1
218410,0.000000,2,1
23774,0.000000,3,2
241133,0.000000,1,2
293271,0.000000,1,1
353541,0.000000,0,3
6224,0.000000,3,5
628667,0.000000,1,2
628668,0.000000,0,4
672064,0.000000,1,2
1115886,0.000000,0,1
1152740,0.000000,0,3
28447,0.000000,3,4
6378,0.000000,3,3
93320,0.000000,0,3
95589,0.000000,0,5
6216,0.000000,6,0
230300,0.000000,1,3
6238,0.000000,4,0
10793,0.000000,0,1
1123991,0.000000,0,1
1130356,0.000000,0,1
84459,0.000000,0,2
6311,0.000000,4,3
235776,0.000000,0,4
6318,0.000000,4,0
1108656,0.000000,0,2
1121057,0.000000,0,2
20833,0.000000,0,2
1152307,0.000000,0,3
1152448,0.000000,0,3
1152975,0.000000,0,3
1153703,0.000000,0,3
6343,0.000000,5,0
141868,0.000000,1,4
359067,0.000000,0,3
521252,0.000000,1,2
6344,0.000000,2,0
1112665,0.000000,0,1
6346,0.000000,2,0
1106103,0.000000,0,2
1112075,0.000000,0,2
28473,0.000000,0,2
6385,0.000000,8,0
1103162,0.000000,0,4
682666,0.000000,0,5
892139,0.000000,0,4
6539,0.000000,1,4
1102646,0.000000,0,2
116084,0.000000,4,3
178209,0.000000,5,1
568045,0.000000,0,4
6741,0.000000,9,0
1130637,0.000000,0,1
1153160,0.000000,0,2
348437,0.000000,0,3
49895,0.000000,0,1
51909,0.000000,3,3
83725,0.000000,5,3
9708,0.000000,5,1
1120444,0.000000,0,4
6925,0.000000,5,2
6775,0.000000,2,1
1111240,0.000000,0,5
350319,0.000000,1,2
6782,0.000000,2,0
6784,0.000000,8,0
100961,0.000000,1,2
1116629,0.000000,0,2
60170,0.000000,1,2
6786,0.000000,2,0
714975,0.000000,0,4
6814,0.000000,9,0
1117348,0.000000,0,2
1125469,0.000000,0,5
158172,0.000000,1,3
293974,0.000000,1,5
300071,0.000000,0,5
315266,0.000000,0,3
390896,0.000000,0,3
445938,0.000000,1,4
6818,0.000000,8,2
1105531,0.000000,0,4
50336,0.000000,5,2
50337,0.000000,3,3
6898,0.000000,6,3
1123188,0.000000,0,5
124224,0.000000,2,1
12631,0.000000,8,1
431206,0.000000,1,4
6910,0.000000,9,5
78994,0.000000,2,2
1117219,0.000000,0,2
1132083,0.000000,0,3
1152150,0.000000,0,3
1154103,0.000000,0,4
169279,0.000000,2,2
263553,0.000000,3,2
662416,0.000000,1,4
6913,0.000000,10,2
1105011,0.000000,0,1
1131230,0.000000,0,1
703953,0.000000,0,1
1153811,0.000000,0,4
1155073,0.000000,0,3
20857,0.000000,2,1
308003,0.000000,0,2
1114526,0.000000,0,3
1118658,0.000000,0,3
372862,0.000000,0,4
57922,0.000000,2,2
57948,0.000000,3,5
6935,0.000000,8,2
101660,0.000000,1,1
1115670,0.000000,0,2
6939,0.000000,1,2
1116922,0.000000,0,2
323128,0.000000,0,4
52847,0.000000,2,1
7041,0.000000,1,0
1120880,0.000000,0,1
7047,0.000000,5,0
1135082,0.000000,0,3
14549,0.000000,2,3
54844,0.000000,1,1
7272,0.000000,4,0
1136446,0.000000,0,5
763181,0.000000,0,4
7296,0.000000,1,0
763010,0.000000,4,1
1107312,0.000000,0,4
7430,0.000000,2,4
1153287,0.000000,0,4
95586,0.000000,1,3
7532,0.000000,6,2
1121603,0.000000,0,3
1153097,0.000000,0,3
141171,0.000000,1,5
314459,0.000000,1,4
7537,0.000000,7,1
80515,0.000000,2,2
1113534,0.000000,0,1
1131348,0.000000,0,1
409255,0.000000,1,1
1138027,0.000000,0,2
315789,0.000000,2,1
8079,0.000000,7,1
105057,0.000000,0,4
8224,0.000000,25,1
1108728,0.000000,0,3
1111788,0.000000,0,3
1128531,0.000000,0,3
1132815,0.000000,0,2
11342,0.000000,3,3
1153148,0.000000,0,3
1153866,0.000000,0,2
133615,0.000000,3,1
22431,0.000000,6,2
22563,0.000000,19,3
23738,0.000000,15,2
55403,0.000000,1,2
601567,0.000000,0,2
62389,0.000000,1,1
97377,0.000000,3,1
8581,0.000000,5,2
1120059,0.000000,0,3
75691,0.000000,0,2
8591,0.000000,4,1
137956,0.000000,1,2
167205,0.000000,0,1
709113,0.000000,1,2
8594,0.000000,8,0
1132809,0.000000,0,2
180187,0.000000,1,1
232605,0.000000,1,2
58268,0.000000,3,1
8617,0.000000,5,0
12359,0.000000,3,2
36145,0.000000,5,2
8619,0.000000,2,0
8687,0.000000,2,1
1102751,0.000000,0,4
38000,0.000000,0,3
8696,0.000000,2,0
101145,0.000000,0,3
173884,0.000000,0,4
27535,0.000000,5,2
308232,0.000000,0,3
502574,0.000000,0,2
51866,0.000000,4,2
59244,0.000000,0,2
89335,0.000000,1,1
1129570,0.000000,0,3
395075,0.000000,0,4
608292,0.000000,0,3
785678,0.000000,0,1
8872,0.000000,8,0
1104647,0.000000,0,5
1125092,0.000000,0,4
1152761,0.000000,0,3
1153860,0.000000,0,3
8874,0.000000,7,0
1120643,0.000000,0,5
1153816,0.000000,0,3
1152676,0.000000,0,2
8961,0.000000,2,0
1133390,0.000000,0,1
9513,0.000000,1,5
102879,0.000000,1,2
9515,0.000000,3,2
9559,0.000000,2,0
1102794,0.000000,0,1
252725,0.000000,0,1
9581,0.000000,2,1
1130780,0.000000,0,3
633585,0.000000,3,2
9586,0.000000,2,3
1120138,0.000000,0,5
33818,0.000000,5,5
1153003,0.000000,0,4
9716,0.000000,3,0
28674,0.000000,0,1
10169,0.000000,19,3
114189,0.000000,1,2
158614,0.000000,1,1
17798,0.000000,6,1
211875,0.000000,0,2
39131,0.000000,4,3
711598,0.000000,0,1
10174,0.000000,1,0
10177,0.000000,15,1
12197,0.000000,3,2
12198,0.000000,6,3
124734,0.000000,2,4
15429,0.000000,19,1
249858,0.000000,1,5
27606,0.000000,3,1
67415,0.000000,7,3
68495,0.000000,0,3
10183,0.000000,10,1
10430,0.000000,2,1
1114336,0.000000,0,2
1120713,0.000000,0,2
259772,0.000000,1,1
47570,0.000000,1,1
54550,0.000000,1,1
10435,0.000000,6,3
1103394,0.000000,0,4
208345,0.000000,2,3
22566,0.000000,2,3
41417,0.000000,3,1
10531,0.000000,11,1
1102850,0.000000,0,1
1107567,0.000000,0,5
1129442,0.000000,0,4
194617,0.000000,4,4
31336,0.000000,3,2
31349,0.000000,1,4
31353,0.000000,19,1
43698,0.000000,3,2
686532,0.000000,0,5
180373,0.000000,1,4
31097,0.000000,0,1
46536,0.000000,0,1
6217,0.000000,0,2
10798,0.000000,11,0
1154500,0.000000,0,1
18619,0.000000,3,3
20193,0.000000,22,1
252715,0.000000,1,1
1102873,0.000000,0,1
39199,0.000000,3,3
11148,0.000000,4,0
1129835,0.000000,0,4
1131719,0.000000,0,5
193354,0.000000,1,3
25413,0.000000,0,3
11326,0.000000,1,1
11339,0.000000,5,1
11335,0.000000,9,0
1127657,0.000000,0,1
11325,0.000000,0,2
217139,0.000000,1,2
11337,0.000000,1,0
211432,0.000000,0,3
44017,0.000000,3,1
45061,0.000000,0,1
12155,0.000000,1,1
1126350,0.000000,0,2
12158,0.000000,2,4
12199,0.000000,2,4
148399,0.000000,0,4
12165,0.000000,2,4
1112099,0.000000,0,4
12169,0.000000,3,0
1119471,0.000000,0,4
1059953,0.000000,0,2
1106418,0.000000,0,4
1117249,0.000000,0,1
1153183,0.000000,0,2
155736,0.000000,1,3
219239,0.000000,2,4
28632,0.000000,1,1
28640,0.000000,2,1
309476,0.000000,0,2
94713,0.000000,0,5
12194,0.000000,1,0
27199,0.000000,2,3
12195,0.000000,8,3
1107319,0.000000,0,3
1131611,0.000000,0,3
1132285,0.000000,0,1
38722,0.000000,6,2
51180,0.000000,4,3
111866,0.000000,1,4
95225,0.000000,1,3
12247,0.000000,2,4
12238,0.000000,4,0
101263,0.000000,3,2
107569,0.000000,2,1
1152490,0.000000,0,3
1153861,0.000000,0,3
156977,0.000000,4,1
213279,0.000000,1,1
400356,0.000000,2,1
12337,0.000000,6,0
16451,0.000000,1,4
16470,0.000000,1,2
16474,0.000000,1,4
12347,0.000000,2,1
12350,0.000000,19,2
101811,0.000000,4,2
152227,0.000000,3,1
20601,0.000000,11,2
20602,0.000000,9,2
1131634,0.000000,0,3
1071981,0.000000,0,1
1104999,0.000000,0,5
1105221,0.000000,0,3
1107674,0.000000,0,4
127033,0.000000,3,5
416455,0.000000,0,4
56112,0.000000,7,2
56709,0.000000,5,4
574710,0.000000,0,3
575795,0.000000,2,1
62718,0.000000,1,3
63832,0.000000,0,5
12638,0.000000,7,1
119761,0.000000,2,4
13024,0.000000,1,2
899119,0.000000,0,2
13195,0.000000,3,0
13205,0.000000,2,0
1105148,0.000000,0,3
13208,0.000000,2,2
131318,0.000000,1,5
13212,0.000000,7,0
214472,0.000000,0,3
358884,0.000000,1,1
411005,0.000000,0,5
13213,0.000000,2,0
13269,0.000000,1,2
13652,0.000000,3,1
13654,0.000000,4,2
13656,0.000000,1,3
83746,0.000000,1,2
1115959,0.000000,0,3
119686,0.000000,2,2
987188,0.000000,0,4
13658,0.000000,7,0
294239,0.000000,0,2
13717,0.000000,3,2
37998,0.000000,0,1
13966,0.000000,1,0
13972,0.000000,2,0
1126050,0.000000,0,2
13982,0.000000,1,1
34979,0.000000,3,1
14062,0.000000,11,0
1152358,0.000000,0,5
646836,0.000000,0,2
97390,0.000000,5,1
98693,0.000000,2,2
14083,0.000000,1,1
1103016,0.000000,0,2
14090,0.000000,2,0
643069,0.000000,1,3
14428,0.000000,6,0
1103031,0.000000,0,4
1103969,0.000000,0,4
14429,0.000000,6,3
14431,0.000000,1,4
34082,0.000000,2,3
73119,0.000000,2,3
1119216,0.000000,0,3
14430,0.000000,7,0
14529,0.000000,4,0
1103038,0.000000,0,4
239829,0.000000,0,1
14531,0.000000,6,0
1105932,0.000000,0,5
1152308,0.000000,0,3
56167,0.000000,5,3
592830,0.000000,1,5
60682,0.000000,1,1
14545,0.000000,2,1
14807,0.000000,2,2
264347,0.000000,1,1
15076,0.000000,2,2
25702,0.000000,8,1
708945,0.000000,0,3
175576,0.000000,0,2
210309,0.000000,1,1
217115,0.000000,1,2
35854,0.000000,0,2
41666,0.000000,1,2
89547,0.000000,12,1
15431,0.000000,1,0
12558,0.000000,0,1
1110024,0.000000,0,2
1118388,0.000000,0,3
15892,0.000000,2,1
175909,0.000000,3,1
1116146,0.000000,0,1
15984,0.000000,4,0
158098,0.000000,0,3
15987,0.000000,6,0
523394,0.000000,1,4
653441,0.000000,2,5
714289,0.000000,5,4
16008,0.000000,11,0
1131165,0.000000,0,1
189571,0.000000,4,3
189572,0.000000,1,3
16437,0.000000,6,0
152219,0.000000,0,3
430329,0.000000,1,1
51831,0.000000,0,1
1105603,0.000000,0,2
1129621,0.000000,0,3
16471,0.000000,5,1
1104787,0.000000,0,2
1114992,0.000000,0,2
273949,0.000000,1,3
16476,0.000000,4,0
1123087,0.000000,0,5
16485,0.000000,8,0
105856,0.000000,3,4
1109891,0.000000,0,3
1120049,0.000000,0,4
16819,0.447623,12,3
1131167,0.000000,0,2
1131236,0.000000,0,5
1131274,0.000000,0,2
1131312,0.000000,0,4
126793,0.000000,2,1
643003,0.000000,1,1
643221,1.000000,16,3
644093,0.000000,1,5
644334,0.000000,0,3
646195,0.000000,0,2
646286,0.000000,1,5
16843,0.000000,3,1
1152259,0.000000,0,2
1152991,0.000000,0,2
17201,0.000000,7,0
1126012,0.000000,0,2
184157,0.000000,1,2
95435,0.000000,0,3
1152633,0.000000,0,4
17242,0.000000,2,1
17363,0.000000,1,0
17477,0.000000,1,1
17488,0.000000,1,0
17811,0.000000,2,0
1107136,0.000000,0,1
17821,0.000000,1,0
245955,0.000000,0,1
18251,0.000000,1,1
18313,0.000000,1,0
18532,0.000000,1,1
86923,0.000000,2,2
18536,0.000000,3,0
1106854,0.000000,0,1
424540,0.000000,1,2
1153091,0.000000,0,2
18770,0.000000,3,0
28964,0.000000,2,2
531348,0.000000,1,3
531351,0.000000,1,3
18773,0.000000,2,0
88356,0.000000,0,4
18774,0.000000,1,2
73146,0.000000,4,4
18777,0.000000,13,0
103537,0.000000,1,2
1112686,0.000000,0,3
173863,0.000000,1,1
66794,0.000000,3,4
79817,0.000000,1,2
18781,0.000000,3,0
18785,0.000000,0,1
18811,0.000000,3,0
1106401,0.000000,0,2
20920,0.000000,0,3
18812,0.000000,2,0
510715,0.000000,0,1
18815,0.000000,2,0
18832,0.000000,4,0
18833,0.000000,0,2
18834,0.000000,3,2
1152944,0.000000,0,2
593210,0.000000,0,5
593328,0.000000,1,2
593329,0.000000,1,2
19231,0.000000,6,0
1153736,0.000000,0,1
12960,0.000000,0,4
30934,0.000000,1,1
686061,0.000000,0,4
19621,0.000000,31,3
1128846,0.000000,0,1
1131464,0.000000,0,5
123825,0.000000,8,2
240791,0.000000,4,3
628888,0.000000,1,1
649730,0.000000,1,2
649739,0.000000,1,2
66990,0.000000,5,4
853116,0.000000,2,3
948147,0.000000,0,2
19697,0.000000,5,1
40124,0.000000,2,4
20178,0.000000,3,3
38829,0.000000,3,3
64271,0.000000,5,2
91853,0.000000,4,4
20179,0.000000,4,0
95188,0.000000,2,4
1108597,0.000000,0,1
1114777,0.000000,0,5
1116397,0.000000,0,3
1116839,0.000000,0,1
1119180,0.000000,0,1
112813,0.000000,0,1
1130653,0.000000,0,1
1130657,0.000000,0,1
1138091,0.000000,0,1
1152244,0.000000,0,3
1153877,0.000000,0,1
1153879,0.000000,0,1
1153889,0.000000,0,1
144330,0.000000,1,2
566488,0.000000,0,1
566653,0.000000,2,1
566664,0.000000,1,2
20528,0.000000,3,3
70442,0.000000,2,2
20584,0.000000,8,0
1106849,0.000000,0,1
1118823,0.000000,0,4
20592,0.000000,1,2
389715,0.000000,2,5
1118209,0.000000,0,3
1121537,0.000000,0,3
20821,0.000000,2,0
1127863,0.000000,0,2
20923,0.000000,5,0
1115701,0.000000,0,5
1116530,0.000000,0,1
20924,0.000000,6,3
289885,0.000000,2,4
294030,0.000000,1,5
1116181,0.000000,0,1
22229,0.000000,11,2
1103383,0.000000,0,2
1107418,0.000000,0,3
1128369,0.000000,0,2
144701,0.000000,6,2
22241,0.000000,4,1
243483,0.000000,1,3
459216,0.000000,2,1
595193,0.000000,0,2
22386,0.000000,8,0
1128407,0.000000,0,3
38846,0.000000,2,2
107251,0.000000,2,4
107252,0.000000,0,4
1121459,0.000000,0,3
22564,0.000000,3,1
36140,0.000000,12,1
63915,0.000000,4,2
94229,0.000000,2,1
1110563,0.000000,0,3
22869,0.000000,1,1
22876,0.000000,0,4
22874,0.000000,1,2
22875,0.000000,3,0
22883,0.000000,1,3
22886,0.000000,3,0
1107367,0.000000,0,3
23069,0.000000,2,3
23070,0.000000,5,5
74700,0.000000,2,1
1116044,0.000000,0,2
134307,0.000000,1,5
134316,0.000000,2,5
74698,0.000000,2,3
87915,0.000000,4,2
23116,0.000000,5,4
1105433,0.000000,0,3
1111978,0.000000,0,2
152731,0.000000,2,2
217852,0.000000,0,2
101662,0.000000,1,2
1153064,0.000000,0,2
189574,0.000000,1,1
27249,0.000000,2,3
84020,0.000000,2,1
24043,0.000000,3,0
1111265,0.000000,0,1
928873,0.000000,0,3
24476,0.000000,3,0
1103499,0.000000,0,1
1153024,0.000000,0,2
24530,0.000000,1,0
24966,0.000000,29,0
1106671,0.000000,0,2
1123576,0.000000,0,2
1131149,0.000000,0,3
1154042,0.000000,0,2
124828,0.000000,1,1
145134,0.000000,2,1
145176,0.000000,3,1
197452,0.000000,2,2
202639,0.000000,9,2
27627,0.000000,9,1
63549,0.000000,1,2
65212,0.000000,3,1
671293,0.000000,1,2
95719,0.000000,1,2
24974,0.000000,6,0
1104258,0.000000,0,3
1112723,0.000000,0,3
34315,0.000000,2,1
40125,0.000000,1,4
285675,0.000000,0,3
385572,0.000000,1,2
1153897,0.000000,0,3
147870,0.000000,3,1
25772,0.000000,6,2
1104769,0.000000,0,1
1122580,0.000000,0,2
1126503,0.000000,0,2
641956,0.000000,2,2
25791,0.000000,2,0
45212,0.000000,2,2
25794,0.000000,1,1
1110028,0.000000,0,2
1121063,0.000000,0,2
248119,0.000000,0,3
27203,0.000000,3,0
23545,0.000000,0,1
27241,0.000000,2,0
27243,0.000000,2,0
27246,0.000000,1,0
1128990,0.000000,0,2
27514,0.000000,1,1
27530,0.000000,5,0
1128542,0.000000,0,1
27531,0.000000,2,2
592826,0.000000,1,2
1112026,0.000000,0,1
34961,0.000000,2,2
27543,0.000000,3,0
27623,0.000000,9,0
1104182,0.000000,0,2
27632,0.000000,1,2
686015,0.000000,0,4
686030,0.000000,0,2
116021,0.000000,1,1
27895,0.000000,7,0
325497,0.000000,0,1
28230,0.000000,2,0
28249,0.000000,3,0
1152436,0.000000,0,1
28267,0.000000,1,0
308529,0.000000,0,4
567005,0.000000,1,2
28336,0.000000,1,3
108047,0.000000,9,4
28359,0.000000,1,1
28385,0.000000,3,0
118558,0.000000,0,1
28389,0.000000,1,0
28412,0.000000,4,0
194645,0.000000,1,1
28487,0.000000,5,0
28489,0.000000,2,0
28491,0.000000,4,0
1152910,0.000000,0,1
28504,0.000000,6,0
1139928,0.000000,0,3
131315,0.000000,1,3
365294,0.000000,1,1
28542,0.000000,2,0
32260,0.000000,2,2
28649,0.000000,3,0
155738,0.000000,2,2
578669,0.000000,2,1
595157,0.000000,0,2
28957,0.000000,9,0
159897,0.000000,2,4
1125402,0.000000,0,1
1125944,0.000000,0,1
29492,0.000000,8,0
1112426,0.000000,0,2
1122574,0.000000,0,1
131117,0.000000,2,2
144408,0.000000,2,3
29708,0.000000,1,1
400473,0.000000,1,1
29723,0.000000,4,2
29738,0.000000,1,0
155277,0.000000,0,1
30817,0.000000,4,0
144679,0.000000,1,2
31055,0.000000,1,0
31083,0.000000,2,0
48066,0.000000,0,1
31105,0.000000,2,0
1105672,0.000000,0,4
1063773,0.000000,0,1
1124844,0.000000,0,3
1129608,0.000000,0,2
1135746,0.000000,0,3
1152162,0.000000,0,3
1152272,0.000000,0,3
1152904,0.000000,0,3
286562,0.000000,0,1
31927,0.000000,4,3
686559,0.000000,0,1
31479,0.000000,7,0
39165,0.000000,3,4
31483,0.000000,4,0
118682,0.000000,0,3
31489,0.000000,11,1
40583,0.000000,0,3
40605,0.000000,3,3
632796,0.000000,1,2
632874,0.000000,1,2
632935,0.000000,0,1
633721,0.000000,1,3
67245,0.000000,2,1
67246,0.000000,1,2
31863,0.000000,2,2
358894,0.000000,0,5
91581,0.000000,2,4
1129572,0.000000,0,5
32083,0.000000,10,0
1153933,0.000000,0,2
200630,0.000000,1,1
346292,0.000000,2,2
45605,0.000000,9,3
688361,0.000000,0,2
32276,0.000000,6,0
174418,0.000000,2,2
636500,0.000000,0,2
84695,0.000000,0,1
33231,0.000000,8,0
1132887,0.000000,0,1
33301,0.000000,2,0
33325,0.000000,3,0
1110256,0.000000,0,3
124296,0.000000,1,1
34708,0.000000,3,1
78549,0.000000,0,3
78552,0.000000,4,2
78557,0.000000,5,4
33823,0.000000,5,0
1119004,0.000000,0,1
33895,0.000000,6,1
1110546,0.000000,0,3
34257,0.000000,13,1
1106771,0.000000,0,3
1111186,0.000000,0,2
1114398,0.000000,0,2
1115456,0.000000,0,3
1116974,0.000000,0,3
1122642,0.000000,0,5
192870,0.000000,2,1
34263,0.000000,3,4
34266,0.000000,3,4
368605,0.000000,1,2
87482,0.000000,1,4
90655,0.000000,2,3
503871,0.000000,0,3
682815,0.000000,0,5
35335,0.000000,3,1
168958,0.000000,0,2
59772,0.000000,1,1
1104031,0.000000,0,1
1116410,0.000000,0,4
35778,0.000000,7,1
108962,0.000000,4,4
108983,0.000000,4,1
519318,0.000000,1,1
1128974,0.000000,0,2
399370,0.000000,1,4
60169,0.000000,1,3
627024,0.000000,1,3
35852,0.000000,4,0
41732,0.000000,0,1
134060,0.000000,1,1
1105116,0.000000,0,2
194223,0.000000,2,1
390894,0.000000,0,3
66982,0.000000,1,3
36131,0.000000,3,0
77438,0.000000,9,2
350373,0.000000,0,1
46500,0.000000,1,1
36162,0.000000,7,0
189620,0.000000,2,1
36802,0.000000,6,1
189856,0.000000,4,2
37888,0.000000,5,2
589923,0.000000,1,3
590022,0.000000,0,3
37483,0.000000,5,1
37541,0.000000,2,2
260979,0.000000,1,1
37879,0.000000,1,0
1128997,0.000000,0,3
1129610,0.000000,0,4
1153942,0.000000,0,2
117316,0.000000,1,3
592975,0.000000,1,5
592986,0.000000,1,4
593060,0.000000,1,2
606647,0.000000,0,2
61069,0.000000,5,2
38537,0.000000,6,0
1131270,0.000000,0,2
1131277,0.000000,0,4
137868,0.000000,6,1
153063,0.000000,9,3
642847,0.000000,1,1
38771,0.000000,1,0
1104191,0.000000,0,1
1110579,0.000000,0,4
39127,0.000000,16,0
1128881,0.000000,0,1
1128927,0.000000,0,1
1128935,0.000000,0,5
116081,0.000000,2,1
116087,0.000000,0,3
195150,0.000000,1,3
46476,0.000000,0,1
75972,0.000000,3,3
39210,0.000000,2,4
66986,0.000000,1,2
39890,0.000000,18,1
1123689,0.000000,0,2
1154229,0.000000,0,2
1154232,0.000000,0,5
1154233,0.000000,0,2
242663,0.000000,0,4
51045,0.000000,1,3
521855,0.000000,1,3
559804,0.000000,2,5
714256,0.000000,5,1
40131,0.000000,1,1
118079,0.000000,0,2
40135,0.000000,2,0
1104261,0.000000,0,1
884094,0.000000,0,3
40886,0.000000,7,0
41216,0.000000,1,1
1113551,0.000000,0,2
128383,0.000000,1,2
943087,0.000000,0,1
144212,0.000000,1,3
182094,0.000000,3,2
44455,0.000000,6,1
42156,0.000000,4,0
1118120,0.000000,0,1
1152179,0.000000,0,1
42209,0.000000,1,1
42221,0.000000,5,0
42848,0.000000,2,0
1116835,0.000000,0,1
43165,0.000000,1,0
1131195,0.000000,0,1
43186,0.000000,3,0
1135894,0.000000,0,3
206524,0.000000,1,1
48075,0.000000,0,2
44121,0.000000,1,0
1104435,0.000000,0,1
227178,0.000000,5,1
44514,0.000000,3,0
253971,0.000000,1,1
606479,0.000000,1,2
45052,0.000000,2,0
1131266,0.000000,0,1
45188,0.000000,5,2
1130929,0.000000,0,1
1105450,0.000000,0,4
1132385,0.000000,0,2
45533,0.000000,6,0
1104495,0.000000,0,1
45603,0.000000,2,0
1131639,0.000000,0,2
975567,0.000000,0,3
1152569,0.000000,0,1
46452,0.000000,2,0
46470,0.000000,1,0
46491,0.000000,12,0
137380,0.000000,3,1
46547,0.000000,4,1
51834,0.000000,0,3
46501,0.000000,2,0
1153275,0.000000,0,2
46887,0.000000,5,0
1153106,0.000000,0,1
47682,0.000000,3,0
1125393,0.000000,0,3
47683,0.000000,0,1
47839,0.000000,1,0
1124837,0.000000,0,1
48555,0.000000,2,1
48764,0.000000,2,0
48768,0.000000,1,0
48781,0.000000,4,1
1134865,0.000000,0,4
397488,0.000000,2,1
423816,0.000000,2,1
1112369,0.000000,0,2
217984,0.000000,1,1
49720,0.000000,1,1
49753,0.000000,1,1
683355,0.000000,1,5
50354,0.000000,3,1
123556,0.000000,3,1
289088,0.000000,1,1
50807,0.000000,1,0
1104749,0.000000,0,1
50838,0.000000,2,0
50980,0.000000,1,1
73972,0.000000,1,1
51049,0.000000,5,0
1134320,0.000000,0,2
51052,0.000000,2,0
51879,0.000000,4,0
51934,0.000000,1,0
52000,0.000000,2,1
1104809,0.000000,0,3
52007,0.000000,1,1
52003,0.000000,3,1
1112194,0.000000,0,2
300806,0.000000,4,1
446271,0.000000,0,3
53942,0.000000,2,0
1128291,0.000000,0,4
1128319,0.000000,0,4
1136791,0.000000,0,2
117315,0.000000,1,2
578645,0.000000,0,5
578646,0.000000,6,3
578649,0.000000,0,5
593022,0.000000,1,1
1128982,0.000000,0,2
141324,0.000000,2,4
459213,0.000000,1,1
459214,0.000000,1,3
593859,0.000000,0,4
593942,0.000000,2,5
59715,0.000000,1,3
54132,0.000000,8,0
593921,0.000000,0,3
594387,0.000000,0,5
62634,0.000000,1,3
1104946,0.000000,0,1
55770,0.000000,3,0
55801,0.000000,1,2
56115,0.000000,10,2
1119178,0.000000,0,1
239810,0.000000,1,1
56708,0.000000,3,0
57119,0.000000,11,0
1132731,0.000000,0,2
711527,0.000000,0,2
57773,0.000000,2,2
1154524,0.000000,0,3
235670,0.000000,0,4
57932,0.000000,1,0
58436,0.000000,2,0
1114239,0.000000,0,2
87417,0.000000,5,3
58453,0.000000,1,0
1113828,0.000000,0,2
248395,0.000000,2,1
58758,0.000000,6,1
1128208,0.000000,0,2
576973,0.000000,2,1
59626,0.000000,5,0
96845,0.000000,0,3
59798,0.000000,8,0
60159,0.000000,2,1
61073,0.000000,1,0
61312,0.000000,1,0
61417,0.000000,3,1
1106764,0.000000,0,2
94416,0.000000,1,1
62329,0.000000,5,1
1131565,0.000000,0,2
195792,0.000000,5,2
251756,0.000000,2,1
593155,0.000000,1,1
650834,0.000000,0,3
62333,0.000000,0,1
1107325,0.000000,0,1
1107558,0.000000,0,1
62607,0.000000,1,0
294145,0.000000,0,1
62676,0.000000,2,0
312409,0.000000,0,1
83461,0.000000,1,1
63812,0.000000,3,0
1105360,0.000000,0,1
63835,0.000000,2,2
64319,0.000000,2,0
65057,0.000000,4,1
1125909,0.000000,0,2
519353,0.000000,1,3
65074,0.000000,10,2
1110209,0.000000,0,3
1117920,0.000000,0,3
142268,0.000000,3,3
714748,0.000000,0,5
1112319,0.000000,0,3
1123530,0.000000,0,5
66564,0.000000,4,0
66596,0.000000,2,0
362926,0.000000,0,1
66751,0.000000,5,0
1135750,0.000000,0,3
1138043,0.000000,0,2
573535,0.000000,1,2
693143,0.000000,2,2
695284,0.000000,0,3
1105505,0.000000,0,2
1153031,0.000000,0,1
509315,0.000000,0,2
82090,0.000000,1,2
66809,0.000000,1,0
1117501,0.000000,0,2
171954,0.000000,4,2
67584,0.000000,3,0
1127558,0.000000,0,2
1127566,0.000000,0,2
562067,0.000000,1,4
67633,0.000000,2,1
68115,0.000000,1,0
68224,0.000000,4,0
69198,0.000000,3,1
231198,0.000000,3,1
70281,0.000000,2,0
70444,0.000000,5,0
70520,0.000000,2,0
70970,0.000000,3,4
593068,0.000000,0,1
71336,0.000000,1,0
71736,0.000000,2,0
71904,0.000000,2,0
1135122,0.000000,0,2
1118347,0.000000,0,1
72406,0.000000,1,0
72805,0.000000,1,0
899085,0.000000,0,1
954315,0.000000,1,2
73162,0.000000,10,0
1134348,0.000000,0,2
189774,0.000000,2,3
714260,0.000000,2,3
714879,0.000000,0,3
73323,0.000000,2,0
1105810,0.000000,0,2
73712,0.000000,2,0
74427,0.000000,6,1
74821,0.000000,3,0
1120252,0.000000,0,1
1131150,0.000000,0,3
74920,0.000000,1,1
1105877,0.000000,0,3
74921,0.000000,1,1
74937,0.000000,3,0
74975,0.000000,5,0
1107041,0.000000,0,2
75121,0.000000,4,2
75318,0.000000,3,1
103430,0.000000,2,1
1121569,0.000000,0,3
75693,0.000000,1,0
75694,0.000000,1,0
75969,0.000000,6,1
1128856,0.000000,0,3
75983,0.000000,2,0
1115790,0.000000,0,2
77108,0.000000,2,0
77112,0.000000,0,1
106590,0.000000,2,2
1129994,0.000000,0,5
1129907,0.000000,0,2
613409,0.000000,1,1
78508,0.000000,1,0
575402,0.000000,1,2
78555,0.000000,3,0
662279,0.000000,0,1
662572,0.000000,1,2
1121659,0.000000,0,1
1131466,0.000000,0,2
358866,0.000000,2,1
80491,0.000000,3,0
80656,0.000000,3,0
81714,0.000000,1,3
82666,0.000000,3,0
82920,0.000000,23,0
1125492,0.000000,0,2
1128198,0.000000,0,2
1129367,0.000000,0,2
576691,0.000000,1,4
83847,0.000000,4,0
1130678,0.000000,0,2
1106298,0.000000,0,2
1133047,0.000000,0,1
509233,0.000000,0,1
85324,0.000000,2,0
628751,0.000000,2,2
577086,0.000000,0,1
85449,0.000000,2,2
86258,0.000000,1,0
1133469,0.000000,0,1
1114184,0.000000,0,1
1153786,0.000000,0,1
89308,0.000000,2,1
103528,0.000000,2,1
137130,0.000000,2,1
1116328,0.000000,0,1
1152379,0.000000,0,1
237376,0.000000,0,1
90470,0.000000,2,1
91038,0.000000,1,0
92589,0.000000,3,0
93273,0.000000,2,0
93318,0.000000,1,0
1152958,0.000000,0,3
143801,0.000000,1,2
284023,0.000000,4,2
284025,0.000000,2,3
93755,0.000000,1,0
1111733,0.000000,0,1
94639,0.000000,6,0
94641,0.000000,6,1
116553,0.000000,1,5
95198,0.000000,1,0
95588,0.000000,1,0
95594,0.000000,3,0
95597,0.000000,1,0
95642,0.000000,3,0
990075,0.000000,0,1
594025,0.000000,0,1
96851,0.000000,2,0
100935,0.000000,2,1
99030,0.000000,1,2
193931,0.000000,2,3
100701,0.000000,1,0
596075,0.000000,0,1
101261,0.000000,1,0
102061,0.000000,1,0
102939,0.000000,2,0
1154074,0.000000,0,1
1113742,0.000000,0,2
246618,0.000000,2,4
103531,0.000000,2,1
656048,0.000000,1,1
126912,0.000000,2,2
103543,0.000000,2,5
126927,0.000000,5,5
289085,0.000000,1,4
193932,0.000000,1,3
1095507,0.000000,0,3
1107385,0.000000,0,1
1153899,0.000000,0,3
578898,0.000000,1,1
108963,0.000000,2,2
310653,0.000000,1,3
108974,0.000000,5,0
1133417,0.000000,0,2
683404,0.000000,1,4
110041,0.000000,2,0
111676,0.000000,1,0
111770,0.000000,1,0
1119623,0.000000,0,2
112099,0.000000,1,0
112787,0.000000,1,1
114966,0.000000,1,0
1125258,0.000000,0,1
115188,0.000000,1,0
1107728,0.000000,0,1
116512,0.000000,1,0
1107808,0.000000,0,1
116528,0.000000,3,0
116545,0.000000,6,0
117328,0.000000,4,0
1115166,0.000000,0,1
118424,0.000000,1,0
118435,0.000000,1,0
1121739,0.000000,0,1
118873,0.000000,3,0
1109566,0.000000,0,1
119712,0.000000,1,0
1140543,0.000000,0,5
120817,0.000000,2,0
1109873,0.000000,0,2
121792,0.000000,1,0
1152394,0.000000,0,1
141160,0.000000,4,1
1154276,0.000000,0,2
124952,0.000000,5,0
1119742,0.000000,0,1
1126011,0.000000,0,1
189721,0.000000,1,1
126867,0.000000,1,1
1108258,0.000000,0,2
126868,0.000000,2,0
126909,0.000000,1,1
126920,0.000000,3,1
645897,0.000000,1,5
126926,0.000000,2,0
127940,0.000000,2,2
1114364,0.000000,0,1
243274,0.000000,0,1
128203,0.000000,1,1
128202,0.000000,0,1
1108363,0.000000,0,2
1121313,0.000000,0,2
129287,0.000000,1,1
907845,0.000000,0,1
131122,0.000000,1,0
131317,0.000000,1,0
132821,0.000000,1,0
133553,0.000000,2,1
133567,0.000000,2,0
133628,0.000000,1,0
1108570,0.000000,0,1
481073,0.000000,0,1
134199,0.000000,3,0
164885,0.000000,1,2
447224,0.000000,1,3
134219,0.000000,4,0
134314,0.000000,2,0
134315,0.000000,1,0
134320,0.000000,1,0
135464,0.000000,5,0
1135589,0.000000,0,2
135798,0.000000,1,0
136767,0.000000,2,0
137359,0.000000,4,0
1118286,0.000000,0,1
137790,0.000000,5,0
1131300,0.000000,0,2
1154068,0.000000,0,3
139738,0.000000,1,0
1108841,0.000000,0,1
140005,0.000000,1,0
1131345,0.000000,0,1
917493,0.000000,0,1
503877,0.000000,3,1
608191,0.000000,1,3
141596,0.000000,1,0
143323,0.000000,5,0
143476,0.000000,1,0
1131549,0.000000,0,2
219446,0.000000,4,1
1128975,0.000000,0,3
1136342,0.000000,0,1
595063,0.000000,0,3
145315,0.000000,2,0
294126,0.000000,1,1
649944,0.000000,0,2
145384,0.000000,3,0
1109185,0.000000,0,1
1132434,0.000000,0,2
148341,0.000000,2,1
1109208,0.000000,0,1
149139,0.000000,1,0
1123215,0.000000,0,2
1120786,0.000000,0,1
987197,0.000000,0,1
583318,0.000000,0,2
1131223,0.000000,0,2
561568,0.000000,1,2
561581,0.000000,2,4
561593,0.000000,1,1
561595,0.000000,2,3
561610,0.000000,1,2
561613,0.000000,2,1
645084,0.000000,1,3
154023,0.000000,3,1
1112106,0.000000,0,2
1133846,0.000000,0,2
154047,0.000000,3,1
1130934,0.000000,0,1
1133028,0.000000,0,1
155158,0.000000,2,0
397590,0.000000,1,1
156794,0.000000,1,0
1118017,0.000000,0,1
158812,0.000000,1,0
1127812,0.000000,0,4
159084,0.000000,3,0
1152711,0.000000,0,3
159085,0.000000,2,2
241821,0.000000,2,2
160732,0.000000,2,0
1128853,0.000000,0,1
1153922,0.000000,0,2
162075,0.000000,3,1
1109830,0.000000,0,2
162080,0.000000,4,2
737204,0.000000,0,1
1135345,0.000000,0,1
739707,0.000000,1,1
163235,0.000000,1,0
166420,0.000000,1,0
166825,0.000000,2,0
166989,0.000000,3,0
168332,0.000000,1,0
169280,0.000000,2,0
656231,0.000000,1,1
1138755,0.000000,0,1
820662,0.000000,0,2
174425,0.000000,2,0
175256,0.000000,3,0
175548,0.000000,4,0
689152,0.000000,1,3
753070,0.000000,3,2
177115,0.000000,1,0
177993,0.000000,1,1
177998,0.000000,2,0
178718,0.000000,2,0
179180,0.000000,3,0
179702,0.000000,4,0
1152859,0.000000,0,1
179706,0.000000,1,0
180301,0.000000,1,0
1110628,0.000000,0,1
1120084,0.000000,0,2
182093,0.000000,1,0
1131550,0.000000,0,2
650814,0.000000,1,1
187260,0.000000,1,0
1110950,0.000000,0,1
189566,0.000000,5,0
1153014,0.000000,0,2
189623,0.000000,1,0
189655,0.000000,3,0
1129518,0.000000,0,2
1134346,0.000000,0,2
190698,0.000000,3,0
191222,0.000000,2,0
191216,0.000000,0,1
193347,0.000000,4,2
612306,0.000000,2,2
193352,0.000000,5,1
193918,0.000000,1,0
194609,0.000000,7,0
1154520,0.000000,0,1
126128,0.000000,0,1
215912,0.000000,1,2
563613,0.000000,2,1
248823,0.000000,1,1
377303,0.000000,1,1
198866,0.000000,2,0
199571,0.000000,1,0
643734,0.000000,1,2
202520,0.000000,2,0
202522,0.000000,1,0
643597,0.000000,0,2
203646,0.000000,1,1
205196,0.000000,8,2
1130568,0.000000,0,1
1130586,0.000000,0,1
628764,0.000000,0,3
628766,0.000000,0,1
815096,0.000000,1,2
950986,0.000000,0,2
1128151,0.000000,0,1
1129629,0.000000,0,4
210872,0.000000,6,0
212097,0.000000,1,0
1112071,0.000000,0,2
212107,0.000000,1,0
213246,0.000000,2,0
216877,0.000000,2,0
1117618,0.000000,0,3
216878,0.000000,3,0
1152663,0.000000,0,1
219218,0.000000,1,0
1112417,0.000000,0,1
567018,0.000000,1,2
219976,0.000000,1,0
220420,0.000000,1,0
226698,0.000000,2,0
1122304,0.000000,0,1
1128946,0.000000,0,2
228990,0.000000,1,0
228992,0.000000,0,1
230879,0.000000,18,0
1133428,0.000000,0,2
696343,0.000000,1,1
851968,0.000000,1,2
1153195,0.000000,0,2
232606,0.000000,3,0
232860,0.000000,1,0
1113084,0.000000,0,1
233106,0.000000,2,0
12275,0.000000,0,1
630890,0.000000,1,1
235678,0.000000,3,2
235679,0.000000,5,2
689439,0.000000,0,3
235683,0.000000,5,0
238401,0.000000,1,0
240321,0.000000,10,0
1113541,0.000000,0,1
245288,0.000000,1,0
1121398,0.000000,0,1
248431,0.000000,1,0
250566,0.000000,1,0
253762,0.000000,1,0
255628,0.000000,3,0
258259,0.000000,1,0
260121,0.000000,1,0
261040,0.000000,2,0
262108,0.000000,1,0
262121,0.000000,1,0
262178,0.000000,3,0
1138968,0.000000,0,3
263069,0.000000,2,0
263482,0.000000,3,0
264556,0.000000,3,0
335042,0.000000,2,1
267824,0.000000,2,0
270456,0.000000,2,0
270600,0.000000,2,0
1114838,0.000000,0,1
278394,0.000000,2,0
278403,0.000000,1,0
1152959,0.000000,0,1
285687,0.000000,1,0
286513,0.000000,2,0
288107,0.000000,1,0
1153784,0.000000,0,2
289945,0.000000,1,0
292277,0.000000,1,0
578845,0.000000,4,1
1133010,0.000000,0,2
302545,0.000000,1,0
1152858,0.000000,0,1
1131198,0.000000,0,2
643199,0.000000,1,2
307656,0.000000,2,0
270085,0.000000,0,1
1139195,0.000000,0,1
318071,0.000000,1,0
318187,0.000000,1,0
321004,0.000000,1,0
1117049,0.000000,0,1
1117089,0.000000,0,1
325314,0.000000,1,0
330208,0.000000,2,0
337766,0.000000,1,0
348305,0.000000,1,0
1118546,0.000000,0,1
358887,0.000000,2,0
360028,0.000000,1,0
367312,0.000000,2,2
1119211,0.000000,0,1
746058,0.000000,1,2
368657,0.000000,1,1
400455,0.000000,1,1
370366,0.000000,3,0
375605,0.000000,1,0
375825,0.000000,1,1
376704,0.000000,1,0
1119654,0.000000,0,1
379288,0.000000,1,0
380341,0.000000,1,0
60560,0.000000,0,1
384428,0.000000,1,0
1120019,0.000000,0,1
390693,0.000000,1,0
684972,0.000000,1,2
1135115,0.000000,0,2
408885,0.000000,1,0
1154173,0.000000,0,1
416867,0.000000,1,0
416964,0.000000,1,0
421481,0.000000,1,0
430574,0.000000,1,0
1105622,0.000000,0,1
430711,0.000000,2,0
1132416,0.000000,0,1
671052,0.000000,1,1
645571,0.000000,1,1
446610,0.000000,1,0
1123093,0.000000,0,1
458439,0.000000,1,0
1123493,0.000000,0,1
459206,0.000000,1,0
466170,0.000000,1,0
467383,0.000000,2,0
1128977,0.000000,0,2
1131374,0.000000,0,3
1154076,0.000000,0,4
577331,0.000000,1,2
646913,0.000000,2,3
1125597,0.000000,0,1
1125906,0.000000,0,1
1125953,0.000000,0,1
521183,0.000000,3,0
1125993,0.000000,0,1
522338,0.000000,2,0
1132864,0.000000,0,1
683360,0.000000,1,1
523010,0.000000,2,0
523574,0.000000,4,0
529165,0.000000,1,0
1126315,0.000000,0,1
561582,0.000000,1,2
646440,0.000000,0,1
561611,0.000000,2,0
561674,0.000000,3,1
1127541,0.000000,0,1
561789,0.000000,3,0
1127551,0.000000,0,1
561809,0.000000,3,0
562940,0.000000,2,0
1127810,0.000000,0,1
573553,0.000000,5,0
1138970,0.000000,0,1
593544,0.000000,1,1
608190,0.000000,2,1
1131734,0.000000,0,1
576362,0.000000,3,0
1128201,0.000000,0,1
578365,0.000000,2,0
1153900,0.000000,0,2
578650,0.000000,3,0
1128943,0.000000,0,4
1128978,0.000000,0,4
593559,0.000000,1,2
593560,0.000000,1,2
579108,0.000000,1,0
1128437,0.000000,0,2
582349,0.000000,1,0
592993,0.000000,3,0
592996,0.000000,2,0
593248,0.000000,0,1
593104,0.000000,3,0
1129015,0.000000,0,3
593201,0.000000,1,0
593209,0.000000,1,0
1153896,0.000000,0,2
594011,0.000000,2,0
594039,0.000000,1,0
594119,0.000000,1,0
1129021,0.000000,0,1
594483,0.000000,1,0
1129040,0.000000,0,1
594511,0.000000,2,0
601462,0.000000,3,0
1129368,0.000000,0,1
1129369,0.000000,0,1
604073,0.000000,1,0
1129494,0.000000,0,1
610529,0.000000,1,0
1153946,0.000000,0,1
616336,0.000000,1,0
617378,0.000000,1,0
1130069,0.000000,0,1
617575,0.000000,1,0
1130080,0.000000,0,1
621555,0.000000,1,0
1130243,0.000000,0,1
626530,0.000000,4,0
1130454,0.000000,0,2
1154012,0.000000,0,2
626531,0.000000,2,1
626574,0.000000,1,2
626999,0.000000,2,0
628458,0.000000,1,0
628459,0.000000,0,1
631015,0.000000,2,0
633030,0.000000,1,1
633031,0.000000,1,1
633081,0.000000,5,0
672070,0.000000,5,2
672071,0.000000,4,2
642593,0.000000,1,0
1131163,0.000000,0,1
642621,0.200366,3,0
1131164,0.000000,0,1
1131258,0.000000,0,3
642641,0.000000,1,0
642681,0.000000,6,1
644441,0.000000,2,1
642798,0.000000,2,1
1131172,0.000000,0,1
644470,0.000000,0,3
642894,0.490421,13,1
1131180,0.000000,0,1
1131301,0.000000,0,4
1131335,0.000000,0,2
643239,0.647989,6,2
643485,0.447623,1,3
645046,0.000000,3,1
645870,0.000000,2,1
646334,0.000000,1,3
646357,0.000000,1,3
642920,0.000000,2,0
1131184,0.000000,0,2
642930,0.000000,1,1
1131189,0.000000,0,1
1131192,0.000000,0,1
1131257,0.000000,0,2
1131305,0.000000,0,2
1131334,0.000000,0,3
644448,0.000000,4,1
644577,0.200366,5,2
643695,0.000000,2,0
643777,0.000000,0,1
643735,0.000000,1,0
644361,0.000000,1,0
645016,0.000000,1,4
644363,0.000000,1,0
644427,0.089689,2,0
1131314,0.000000,0,2
644494,0.000000,2,2
644843,0.000000,2,0
1154071,0.000000,0,1
645088,0.000000,2,0
645452,0.000000,1,0
646289,0.000000,1,0
646412,0.000000,1,0
1131330,0.000000,0,1
646900,0.000000,4,0
1131359,0.000000,0,2
647315,0.000000,1,0
648106,0.000000,2,2
1131421,0.000000,0,2
648112,0.000000,4,1
1131420,0.000000,0,2
648121,0.000000,2,1
648369,0.000000,1,0
1131414,0.000000,0,1
650807,0.000000,2,0
653628,0.000000,1,0
1133930,0.000000,0,1
1131741,0.000000,0,2
654339,0.000000,2,1
654519,0.000000,1,0
1131754,0.000000,0,1
1131828,0.000000,0,1
662250,0.000000,1,0
1132073,0.000000,0,1
1132406,0.000000,0,1
1132443,0.000000,0,4
1132505,0.000000,0,3
675756,0.000000,2,0
682508,0.000000,1,1
1132857,0.000000,0,2
683294,0.000000,2,0
684531,0.000000,1,0
687401,0.000000,1,0
688824,0.000000,1,0
1133008,0.000000,0,1
688849,0.000000,1,0
1134031,0.000000,0,1
709518,0.000000,1,0
1134056,0.000000,0,1
711994,0.000000,1,0
1134197,0.000000,0,1
714208,0.000000,1,1
1154230,0.000000,0,1
733534,0.000000,2,0
733576,0.000000,1,0
734406,0.000000,1,0
735311,0.000000,0,1
738941,0.000000,2,0
1135455,0.000000,0,1
739280,0.000000,2,0
739816,0.000000,3,0
1140548,0.000000,0,1
752684,0.000000,1,0
1135955,0.000000,0,1
753047,0.000000,6,3
1136631,0.000000,0,2
1136634,0.000000,0,1
753264,0.000000,2,2
767763,0.000000,1,3
754594,0.000000,1,0
1136040,0.000000,0,1
756061,0.000000,3,0
1136110,0.000000,0,1
1136447,0.000000,0,4
762980,0.000000,2,1
1136449,0.000000,0,2
779960,0.000000,1,0
1137140,0.000000,0,1
814836,0.000000,1,0
1138619,0.000000,0,1
815073,0.000000,1,0
817774,0.000000,1,0
820661,0.000000,0,1
824245,0.000000,1,0
1139009,0.000000,0,1
1140231,0.000000,0,1
853114,0.000000,3,1
853155,0.000000,1,3
853115,0.000000,4,0
853118,0.000000,1,1
