Node,InDegree,OutDegree,TotalDegree
4637,0,5,5
4992,0,5,5
3834,2,5,7
4950,0,5,5
4039,0,5,5
4027,1,5,6
4768,0,5,5
3937,1,5,6
4752,0,5,5
4924,0,5,5
4395,1,5,6
2797,4,5,9
4948,0,5,5
3133,1,5,6
4495,0,5,5
3638,1,5,6
3398,1,5,6
4890,0,5,5
2996,0,5,5
3313,1,5,6
3585,0,5,5
4851,0,5,5
4041,1,5,6
4424,0,5,5
3288,0,5,5
3815,2,5,7
4486,0,5,5
4227,0,5,5
4004,0,5,5
4729,0,5,5
4368,0,5,5
3561,4,5,9
3662,0,5,5
4330,1,5,6
4191,0,5,5
4646,0,5,5
3394,0,5,5
4036,0,5,5
1997,1,5,6
2460,1,5,6
3600,1,5,6
4636,0,5,5
3210,0,5,5
3536,0,5,5
1858,7,5,12
4719,0,5,5
3481,0,5,5
3138,0,5,5
4529,1,5,6
2563,1,5,6
4767,0,5,5
4484,0,5,5
3953,0,5,5
4967,0,5,5
3456,2,5,7
4061,0,5,5
4575,0,5,5
3453,1,5,6
4009,3,5,8
4796,0,5,5
3402,0,5,5
3032,5,5,10
4984,0,5,5
4895,0,5,5
4993,0,5,5
3132,1,5,6
4783,0,5,5
1903,3,5,8
4439,0,5,5
4255,1,5,6
4016,0,5,5
4663,0,5,5
3878,0,5,5
4120,0,5,5
4882,0,5,5
4814,0,5,5
3039,2,5,7
3098,1,5,6
1720,9,5,14
3823,3,5,8
4705,0,5,5
3751,0,5,5
3465,1,5,6
4800,0,5,5
3967,0,5,5
3431,0,5,5
3444,0,5,5
3677,0,5,5
2416,3,5,8
4354,1,5,6
4968,0,5,5
4691,0,5,5
2643,1,5,6
4577,0,5,5
3491,0,5,5
3485,1,5,6
3438,1,5,6
2415,2,5,7
2195,2,5,7
3058,1,5,6
2281,3,5,8
4136,2,5,7
1855,3,5,8
2240,2,5,7
1381,4,5,9
4753,2,5,7
4771,2,5,7
4273,0,5,5
3797,1,5,6
3916,0,5,5
3048,3,5,8
2507,2,5,7
4005,1,5,6
2016,3,5,8
3914,0,5,5
4835,0,5,5
4671,0,5,5
4519,0,5,5
4279,1,5,6
3209,0,5,5
3687,0,5,5
4703,1,5,6
3833,0,5,5
4185,0,5,5
2673,3,5,8
4093,0,5,5
1943,2,5,7
4639,2,5,7
4188,1,5,6
4777,0,5,5
3707,1,5,6
4970,0,5,5
3264,1,5,6
4920,0,5,5
2884,5,5,10
2776,0,5,5
4528,1,5,6
4173,0,5,5
2825,0,5,5
2325,1,5,6
4333,0,5,5
2712,2,5,7
3440,1,5,6
2385,3,5,8
2358,2,5,7
4229,0,5,5
4201,0,5,5
2661,6,5,11
1846,2,5,7
4821,0,5,5
3652,0,5,5
4685,0,5,5
3529,1,5,6
3678,3,5,8
3356,1,5,6
2843,1,5,6
4601,2,5,7
4493,1,5,6
3259,2,5,7
2275,3,5,8
2178,3,5,8
4315,0,5,5
3271,0,5,5
2922,1,5,6
3283,0,5,5
3042,2,5,7
2627,1,5,6
2233,6,5,11
2189,2,5,7
3142,5,5,10
4045,0,5,5
4877,0,5,5
3207,1,5,6
3868,1,5,6
4899,1,5,6
3900,0,5,5
3191,1,5,6
4978,0,5,5
2935,0,5,5
4839,0,5,5
4964,0,5,5
3021,4,5,9
3551,0,5,5
2792,0,5,5
3200,2,5,7
2758,0,5,5
4648,1,5,6
1738,4,5,9
4614,0,5,5
4812,0,5,5
3156,2,5,7
2831,3,5,8
2134,1,5,6
3981,0,5,5
2350,1,5,6
2598,4,5,9
2983,3,5,8
3016,0,5,5
2556,2,5,7
3512,0,5,5
1799,4,5,9
3950,2,5,7
2962,2,5,7
4644,1,5,6
1625,7,5,12
4436,0,5,5
3887,2,5,7
2120,2,5,7
4688,0,5,5
4966,0,5,5
1814,3,5,8
3646,2,5,7
3252,0,5,5
4701,0,5,5
3711,2,5,7
2408,0,5,5
3919,0,5,5
2786,3,5,8
4398,0,5,5
2015,6,5,11
3817,1,5,6
3870,2,5,7
1621,0,5,5
3459,0,5,5
3778,0,5,5
4802,0,5,5
4731,0,5,5
4745,1,5,6
3763,0,5,5
3287,1,5,6
4999,0,5,5
4494,1,5,6
1330,11,5,16
3630,0,5,5
3976,0,5,5
2467,2,5,7
4743,0,5,5
4552,0,5,5
3974,0,5,5
2489,4,5,9
4216,1,5,6
2704,1,5,6
2607,3,5,8
2580,2,5,7
4990,0,5,5
4594,0,5,5
3592,0,5,5
4483,1,5,6
2745,1,5,6
4348,0,5,5
4176,2,5,7
3037,2,5,7
4240,0,5,5
4848,2,5,7
3891,1,5,6
3570,1,5,6
3378,3,5,8
4931,0,5,5
3443,0,5,5
4808,0,5,5
3358,2,5,7
2713,2,5,7
3596,1,5,6
2603,3,5,8
2459,0,5,5
1661,4,5,9
4498,0,5,5
4181,3,5,8
4605,0,5,5
3364,2,5,7
3304,2,5,7
4212,1,5,6
4371,1,5,6
3787,0,5,5
4963,0,5,5
4954,0,5,5
4698,0,5,5
4374,1,5,6
4250,0,5,5
4182,0,5,5
4156,0,5,5
2476,4,5,9
4817,0,5,5
4430,1,5,6
2837,3,5,8
3208,1,5,6
4551,0,5,5
4301,0,5,5
3416,1,5,6
4203,0,5,5
3954,2,5,7
3367,1,5,6
4650,0,5,5
4635,0,5,5
4169,0,5,5
4925,0,5,5
4574,0,5,5
4303,0,5,5
2438,3,5,8
2697,0,5,5
1282,2,5,7
4675,0,5,5
3898,1,5,6
3643,0,5,5
2571,1,5,6
3205,1,5,6
2338,1,5,6
3789,0,5,5
1944,2,5,7
4736,0,5,5
2873,2,5,7
4928,0,5,5
3477,1,5,6
3602,2,5,7
4696,0,5,5
3746,0,5,5
2895,1,5,6
2100,3,5,8
4608,0,5,5
3184,6,5,11
2537,5,5,10
4631,1,5,6
3088,3,5,8
3794,0,5,5
4867,0,5,5
4842,0,5,5
4837,0,5,5
3024,0,5,5
2520,5,5,10
3357,1,5,6
4285,0,5,5
3653,0,5,5
3695,0,5,5
3327,0,5,5
4916,0,5,5
987,5,5,10
2862,3,5,8
2613,1,5,6
3407,2,5,7
2672,6,5,11
1777,2,5,7
3556,2,5,7
1784,0,5,5
3521,3,5,8
4976,0,5,5
3661,2,5,7
2998,1,5,6
4962,0,5,5
3461,0,5,5
4994,0,5,5
1999,0,5,5
3841,0,5,5
3273,3,5,8
3019,0,5,5
2436,4,5,9
3611,2,5,7
4822,0,5,5
3053,2,5,7
4218,1,5,6
1444,6,5,11
3155,1,5,6
2150,3,5,8
4686,0,5,5
3896,0,5,5
3714,1,5,6
3050,1,5,6
1655,8,5,13
4830,0,5,5
3126,0,5,5
4075,0,5,5
3244,0,5,5
2040,4,5,9
2964,2,5,7
4409,0,5,5
4003,0,5,5
4997,0,5,5
1600,5,5,10
4801,0,5,5
4785,1,5,6
2934,0,5,5
4630,0,5,5
2802,0,5,5
4047,0,5,5
3728,1,5,6
2938,5,5,10
3380,2,5,7
3346,2,5,7
4607,0,5,5
4564,0,5,5
3679,1,5,6
3608,0,5,5
3373,1,5,6
4505,0,5,5
3969,0,5,5
2612,2,5,7
3903,0,5,5
2900,0,5,5
3725,2,5,7
3779,0,5,5
2370,0,5,5
1833,4,5,9
3931,0,5,5
3761,1,5,6
1369,2,5,7
3029,1,5,6
2343,7,5,12
4121,0,5,5
2145,2,5,7
3827,0,5,5
4305,1,5,6
4291,0,5,5
1618,2,5,7
3277,0,5,5
4751,0,5,5
3579,2,5,7
3171,0,5,5
4791,0,5,5
4576,0,5,5
3173,2,5,7
1508,1,5,6
2990,2,5,7
2164,3,5,8
3893,0,5,5
4521,0,5,5
4242,0,5,5
4324,0,5,5
4012,0,5,5
3984,1,5,6
3774,0,5,5
1733,4,5,9
3352,1,5,6
3189,1,5,6
2930,3,5,8
2861,4,5,9
4445,0,5,5
3920,1,5,6
1339,2,5,7
4570,0,5,5
3758,1,5,6
3522,1,5,6
3128,0,5,5
3120,4,5,9
4772,0,5,5
3963,2,5,7
3740,0,5,5
2809,1,5,6
2833,2,5,7
3336,3,5,8
3163,1,5,6
2690,0,5,5
3667,0,5,5
1148,3,5,8
4907,0,5,5
3106,5,5,10
3493,0,5,5
3231,0,5,5
2698,1,5,6
2419,1,5,6
4260,0,5,5
3065,1,5,6
4757,0,5,5
4838,0,5,5
4097,1,5,6
3575,2,5,7
3458,2,5,7
2618,0,5,5
2585,3,5,8
1797,0,5,5
955,7,5,12
3803,0,5,5
2456,2,5,7
1367,1,5,6
4889,0,5,5
4087,0,5,5
4064,0,5,5
4955,0,5,5
4214,0,5,5
4107,0,5,5
4834,0,5,5
3933,0,5,5
1013,8,5,13
3255,3,5,8
3247,0,5,5
2406,0,5,5
1749,1,5,6
1416,2,5,7
3854,0,5,5
3804,2,5,7
1860,1,5,6
3628,1,5,6
3089,1,5,6
4356,0,5,5
3517,2,5,7
2815,1,5,6
4417,0,5,5
4394,0,5,5
3618,0,5,5
3164,1,5,6
4114,2,5,7
3418,0,5,5
3322,1,5,6
3254,1,5,6
1648,4,5,9
3564,1,5,6
3226,3,5,8
805,11,5,16
3562,1,5,6
2619,2,5,7
4108,0,5,5
3528,0,5,5
4888,0,5,5
2313,6,5,11
4177,0,5,5
3897,1,5,6
3853,0,5,5
1688,4,5,9
1257,8,5,13
4102,0,5,5
3752,0,5,5
1102,11,5,16
1363,3,5,8
4854,0,5,5
4337,0,5,5
3455,0,5,5
3067,0,5,5
2919,3,5,8
4198,0,5,5
3280,0,5,5
2470,6,5,11
1981,3,5,8
4122,0,5,5
4859,1,5,6
4249,0,5,5
4055,0,5,5
1074,9,5,14
4816,1,5,6
3819,0,5,5
3634,2,5,7
2290,3,5,8
2143,1,5,6
4728,0,5,5
1994,7,5,12
1932,12,5,17
3035,0,5,5
1985,0,5,5
918,5,5,10
4190,2,5,7
2621,1,5,6
3791,1,5,6
1049,11,5,16
2946,3,5,8
2264,2,5,7
2235,8,5,13
2220,1,5,6
1510,8,5,13
4872,1,5,6
4146,0,5,5
2682,1,5,6
2714,4,5,9
2522,1,5,6
1660,6,5,11
3081,0,5,5
3307,2,5,7
1116,8,5,13
4535,1,5,6
4264,1,5,6
1959,1,5,6
4048,1,5,6
3881,0,5,5
3607,2,5,7
2905,2,5,7
3499,2,5,7
4774,0,5,5
3318,1,5,6
3240,2,5,7
2149,6,5,11
4008,0,5,5
3213,1,5,6
1804,4,5,9
4754,1,5,6
4060,1,5,6
4557,0,5,5
1788,4,5,9
2925,2,5,7
4702,0,5,5
4126,0,5,5
3234,0,5,5
2010,2,5,7
1533,3,5,8
1253,1,5,6
3137,0,5,5
2847,0,5,5
4935,0,5,5
4906,0,5,5
4228,0,5,5
4958,0,5,5
4841,0,5,5
2078,2,5,7
1582,12,5,17
4786,0,5,5
4739,0,5,5
1315,1,5,6
4251,0,5,5
2253,7,5,12
3837,0,5,5
2558,1,5,6
556,11,5,16
2006,2,5,7
1638,0,5,5
4397,0,5,5
4263,1,5,6
1991,4,5,9
4655,0,5,5
3865,4,5,9
2310,3,5,8
1941,1,5,6
4672,0,5,5
2852,1,5,6
4488,1,5,6
2651,0,5,5
4504,0,5,5
4320,0,5,5
3997,0,5,5
3665,0,5,5
3642,1,5,6
3502,1,5,6
2126,2,5,7
1589,2,5,7
914,4,5,9
4815,0,5,5
3923,1,5,6
3281,0,5,5
2421,3,5,8
2280,3,5,8
4526,2,5,7
1603,7,5,12
2559,2,5,7
2540,0,5,5
2366,5,5,10
3339,0,5,5
2069,0,5,5
4746,0,5,5
2914,1,5,6
2899,3,5,8
1292,7,5,12
2960,1,5,6
4756,1,5,6
4918,0,5,5
4641,0,5,5
2882,1,5,6
2855,0,5,5
3941,1,5,6
2622,0,5,5
1329,3,5,8
2757,3,5,8
2703,1,5,6
4861,0,5,5
3559,1,5,6
2490,3,5,8
2365,0,5,5
2512,2,5,7
1882,5,5,10
1697,3,5,8
4764,0,5,5
4694,0,5,5
4265,0,5,5
4101,0,5,5
1530,5,5,10
1119,2,5,7
4911,0,5,5
4300,0,5,5
3256,2,5,7
3399,0,5,5
4987,0,5,5
1842,4,5,9
4937,0,5,5
3785,0,5,5
2082,1,5,6
4167,0,5,5
4137,3,5,8
4580,0,5,5
1478,3,5,8
4299,0,5,5
4026,0,5,5
3858,0,5,5
3540,1,5,6
2479,0,5,5
4853,0,5,5
3064,1,5,6
2232,0,5,5
2156,3,5,8
3017,3,5,8
2606,0,5,5
2508,4,5,9
1122,2,5,7
3452,2,5,7
4597,0,5,5
2828,1,5,6
1902,0,5,5
1798,2,5,7
1235,2,5,7
1001,4,5,9
3944,1,5,6
3172,2,5,7
1713,6,5,11
1469,4,5,9
4344,2,5,7
4030,0,5,5
4459,2,5,7
3090,6,5,11
2147,3,5,8
4926,0,5,5
4847,0,5,5
3995,0,5,5
2376,1,5,6
4887,0,5,5
4482,0,5,5
4081,1,5,6
3433,6,5,11
3060,0,5,5
2395,4,5,9
2269,6,5,11
1790,4,5,9
4599,0,5,5
1158,10,5,15
916,7,5,12
4130,1,5,6
3368,0,5,5
2369,2,5,7
2314,2,5,7
2307,0,5,5
4492,1,5,6
4161,0,5,5
3812,0,5,5
3694,1,5,6
3497,0,5,5
3489,2,5,7
3409,1,5,6
2685,1,5,6
4826,0,5,5
4507,2,5,7
1553,5,5,10
4372,0,5,5
3527,0,5,5
3061,1,5,6
2628,1,5,6
2340,5,5,10
2252,1,5,6
2046,4,5,9
4413,0,5,5
4079,2,5,7
2885,1,5,6
4364,1,5,6
3265,1,5,6
1217,5,5,10
796,6,5,11
2953,2,5,7
1493,9,5,14
2117,2,5,7
4049,0,5,5
3985,0,5,5
3165,0,5,5
2119,1,5,6
1532,3,5,8
3338,2,5,7
3001,2,5,7
4923,0,5,5
4912,0,5,5
4474,1,5,6
4386,0,5,5
4090,0,5,5
3776,0,5,5
3765,0,5,5
4382,0,5,5
3232,0,5,5
2526,0,5,5
1544,6,5,11
4451,1,5,6
3775,0,5,5
1431,5,5,10
4640,0,5,5
3510,1,5,6
2952,1,5,6
2850,1,5,6
2699,1,5,6
1612,5,5,10
4578,1,5,6
4335,0,5,5
3547,2,5,7
2793,2,5,7
2393,2,5,7
1539,3,5,8
1503,0,5,5
4833,0,5,5
4325,0,5,5
3159,1,5,6
1482,2,5,7
4666,0,5,5
4891,0,5,5
4031,0,5,5
3736,1,5,6
3720,1,5,6
2948,1,5,6
2315,4,5,9
1895,5,5,10
4006,1,5,6
3376,0,5,5
2055,3,5,8
822,5,5,10
2339,3,5,8
1268,8,5,13
1712,3,5,8
3104,2,5,7
3862,0,5,5
4011,0,5,5
3550,1,5,6
3038,2,5,7
3215,0,5,5
2821,1,5,6
3414,3,5,8
3206,1,5,6
2659,3,5,8
2053,5,5,10
1458,4,5,9
3982,0,5,5
2655,2,5,7
4762,0,5,5
3469,2,5,7
2977,0,5,5
2976,2,5,7
2595,0,5,5
2542,2,5,7
2464,2,5,7
2364,4,5,9
2113,2,5,7
1966,3,5,8
4908,0,5,5
4556,0,5,5
4443,0,5,5
3992,0,5,5
3856,0,5,5
589,17,5,22
2875,2,5,7
2763,1,5,6
2500,3,5,8
1787,3,5,8
4104,0,5,5
3777,2,5,7
4140,1,5,6
2796,3,5,8
1676,2,5,7
4559,0,5,5
3467,1,5,6
2951,1,5,6
1915,2,5,7
4541,0,5,5
3495,2,5,7
3340,3,5,8
4511,0,5,5
2409,2,5,7
2108,2,5,7
3639,0,5,5
1978,2,5,7
2049,3,5,8
1888,2,5,7
1501,7,5,12
4269,0,5,5
3864,1,5,6
2715,1,5,6
1485,2,5,7
4449,0,5,5
4401,0,5,5
4723,1,5,6
4366,0,5,5
3062,2,5,7
3018,3,5,8
4487,0,5,5
3071,1,5,6
2650,2,5,7
2024,2,5,7
4254,1,5,6
3973,0,5,5
2412,5,5,10
4501,0,5,5
3664,1,5,6
2250,0,5,5
1267,2,5,7
4054,0,5,5
4022,0,5,5
3222,1,5,6
4866,0,5,5
4454,0,5,5
3620,0,5,5
4416,1,5,6
2383,1,5,6
2176,2,5,7
1923,2,5,7
4961,0,5,5
4490,0,5,5
3962,0,5,5
3883,1,5,6
3755,1,5,6
3599,0,5,5
3549,0,5,5
3343,0,5,5
2995,1,5,6
2582,1,5,6
2168,6,5,11
1052,8,5,13
2549,3,5,8
2294,0,5,5
1826,1,5,6
4099,0,5,5
3890,1,5,6
4716,0,5,5
3847,0,5,5
3515,1,5,6
3127,1,5,6
2955,2,5,7
2950,2,5,7
2058,0,5,5
953,5,5,10
547,7,5,12
2547,0,5,5
4554,0,5,5
3880,2,5,7
3073,1,5,6
2093,3,5,8
1877,1,5,6
1726,5,5,10
4875,0,5,5
3899,0,5,5
3647,0,5,5
3179,0,5,5
4586,0,5,5
2286,0,5,5
4074,0,5,5
2458,3,5,8
1494,5,5,10
840,9,5,14
4936,0,5,5
4458,0,5,5
2579,1,5,6
2414,3,5,8
1296,9,5,14
706,1,5,6
4863,0,5,5
4667,0,5,5
4259,0,5,5
4141,1,5,6
3994,0,5,5
3901,2,5,7
3623,1,5,6
3278,1,5,6
3085,2,5,7
3084,0,5,5
3022,2,5,7
2728,2,5,7
2115,0,5,5
1719,3,5,8
1379,10,5,15
1229,5,5,10
4073,1,5,6
2795,0,5,5
2689,3,5,8
1617,9,5,14
1405,0,5,5
4272,1,5,6
4174,0,5,5
2557,6,5,11
2546,1,5,6
2413,2,5,7
1861,0,5,5
1810,6,5,11
1592,2,5,7
4855,0,5,5
3704,0,5,5
3251,1,5,6
2978,0,5,5
2879,3,5,8
2707,5,5,10
2274,4,5,9
933,10,5,15
3987,1,5,6
3930,0,5,5
3770,0,5,5
2908,0,5,5
1699,2,5,7
4491,0,5,5
2170,0,5,5
1286,10,5,15
4502,0,5,5
4405,0,5,5
3656,0,5,5
2667,0,5,5
2336,1,5,6
4765,1,5,6
3912,1,5,6
4690,0,5,5
4677,0,5,5
3734,0,5,5
2198,0,5,5
1448,5,5,10
4183,0,5,5
4017,1,5,6
2742,0,5,5
2427,3,5,8
1765,4,5,9
927,8,5,13
909,13,5,18
4427,1,5,6
3374,0,5,5
3353,0,5,5
2971,0,5,5
2860,1,5,6
1929,0,5,5
1781,2,5,7
1696,2,5,7
1159,5,5,10
3999,0,5,5
2944,0,5,5
1657,7,5,12
1359,13,5,18
602,6,5,11
4975,0,5,5
4939,0,5,5
3801,0,5,5
3737,0,5,5
3682,0,5,5
3671,0,5,5
3105,0,5,5
2387,1,5,6
1916,6,5,11
1455,4,5,9
1177,3,5,8
4175,0,5,5
4013,0,5,5
1456,7,5,12
862,5,5,10
4932,0,5,5
4653,0,5,5
4468,2,5,7
4192,1,5,6
3569,1,5,6
2753,5,5,10
1576,1,5,6
1550,2,5,7
1062,3,5,8
3875,0,5,5
1042,5,5,10
4668,1,5,6
3810,0,5,5
3068,2,5,7
2970,0,5,5
2863,1,5,6
1002,6,5,11
4730,0,5,5
4532,0,5,5
4082,0,5,5
4065,1,5,6
1960,1,5,6
4621,0,5,5
4469,1,5,6
3014,1,5,6
2878,2,5,7
2466,2,5,7
2124,1,5,6
1498,2,5,7
490,11,5,16
3745,1,5,6
3582,0,5,5
2192,5,5,10
2127,2,5,7
828,7,5,12
4972,0,5,5
3874,2,5,7
3723,0,5,5
1848,2,5,7
4952,0,5,5
4489,0,5,5
4391,0,5,5
4267,0,5,5
2813,1,5,6
4019,0,5,5
3786,0,5,5
3590,1,5,6
3034,1,5,6
3000,0,5,5
2982,3,5,8
2853,0,5,5
1964,1,5,6
1732,0,5,5
1418,11,5,16
4142,0,5,5
3178,1,5,6
1992,2,5,7
1325,13,5,18
572,11,5,16
3033,1,5,6
2321,1,5,6
1645,3,5,8
1167,7,5,12
4683,0,5,5
4593,0,5,5
4208,1,5,6
4062,1,5,6
3729,1,5,6
3421,1,5,6
3263,3,5,8
2615,1,5,6
2287,0,5,5
1894,9,5,14
3298,1,5,6
3285,0,5,5
750,2,5,7
2506,5,5,10
2429,0,5,5
1349,1,5,6
4422,0,5,5
4400,1,5,6
4159,0,5,5
4152,2,5,7
4044,0,5,5
3970,0,5,5
3713,1,5,6
3286,0,5,5
1785,3,5,8
4983,0,5,5
3990,1,5,6
3773,1,5,6
2638,5,5,10
2597,1,5,6
1931,9,5,14
994,12,5,17
956,16,5,21
778,15,5,20
4904,0,5,5
3663,0,5,5
3135,1,5,6
2746,2,5,7
2405,4,5,9
1933,1,5,6
1471,3,5,8
1009,12,5,17
740,9,5,14
4797,0,5,5
4628,0,5,5
4127,0,5,5
3811,0,5,5
3685,0,5,5
3011,4,5,9
2902,2,5,7
2367,1,5,6
2342,3,5,8
2282,2,5,7
1836,3,5,8
3809,2,5,7
3580,2,5,7
3463,1,5,6
2602,0,5,5
1228,4,5,9
4611,0,5,5
1649,3,5,8
1004,3,5,8
4626,0,5,5
4596,0,5,5
4441,0,5,5
3802,1,5,6
3748,2,5,7
3403,3,5,8
3049,3,5,8
3046,4,5,9
2841,4,5,9
2649,1,5,6
946,4,5,9
505,3,5,8
4538,0,5,5
2772,3,5,8
2404,5,5,10
3149,1,5,6
2670,4,5,9
4632,0,5,5
3235,0,5,5
2041,2,5,7
4084,1,5,6
3577,1,5,6
3161,0,5,5
1663,3,5,8
742,12,5,17
4824,0,5,5
4246,1,5,6
3154,1,5,6
1030,11,5,16
3936,1,5,6
2665,1,5,6
2186,1,5,6
1862,2,5,7
1442,1,5,6
864,8,5,13
4813,0,5,5
4798,0,5,5
4732,0,5,5
3300,0,5,5
3289,0,5,5
2818,3,5,8
2693,0,5,5
783,12,5,17
4892,0,5,5
4446,0,5,5
4148,0,5,5
3988,0,5,5
3824,0,5,5
3648,1,5,6
3500,0,5,5
3220,1,5,6
2562,1,5,6
1342,6,5,11
1184,2,5,7
1134,2,5,7
1104,10,5,15
365,8,5,13
4411,0,5,5
2254,1,5,6
1078,8,5,13
4476,0,5,5
4077,0,5,5
3971,3,5,8
3116,1,5,6
2363,2,5,7
1555,5,5,10
4869,0,5,5
4676,1,5,6
3957,0,5,5
3544,1,5,6
3145,1,5,6
2648,4,5,9
1233,6,5,11
4555,0,5,5
3375,2,5,7
3174,4,5,9
1490,5,5,10
4708,0,5,5
3942,1,5,6
2744,4,5,9
1127,4,5,9
3742,0,5,5
3450,0,5,5
3422,0,5,5
2869,0,5,5
1827,2,5,7
4989,0,5,5
4902,0,5,5
4820,0,5,5
3468,1,5,6
3386,0,5,5
1692,3,5,8
1011,5,5,10
392,6,5,11
3876,2,5,7
3859,0,5,5
2555,1,5,6
2730,2,5,7
2443,0,5,5
1746,2,5,7
4649,0,5,5
4076,0,5,5
3198,1,5,6
2214,1,5,6
1161,3,5,8
3932,0,5,5
3688,1,5,6
3509,1,5,6
3242,0,5,5
2669,1,5,6
2532,3,5,8
283,9,5,14
4929,0,5,5
3816,0,5,5
3420,2,5,7
3347,1,5,6
2484,1,5,6
1125,7,5,12
876,1,5,6
4222,0,5,5
3946,1,5,6
3323,0,5,5
3295,2,5,7
2773,5,5,10
2662,4,5,9
1803,2,5,7
4606,0,5,5
4410,0,5,5
4311,0,5,5
4289,0,5,5
4113,0,5,5
3514,2,5,7
3507,1,5,6
3506,2,5,7
2980,0,5,5
2449,4,5,9
2142,4,5,9
1893,2,5,7
1867,3,5,8
1831,4,5,9
1742,4,5,9
1690,6,5,11
1687,6,5,11
1216,2,5,7
1107,7,5,12
954,7,5,12
592,12,5,17
4919,0,5,5
4038,1,5,6
3563,2,5,7
3148,1,5,6
3055,1,5,6
1879,3,5,8
1352,5,5,10
896,8,5,13
4699,0,5,5
4147,0,5,5
3715,1,5,6
3533,0,5,5
3427,2,5,7
3115,3,5,8
3004,1,5,6
2166,4,5,9
905,7,5,12
827,5,5,10
4375,0,5,5
4312,0,5,5
3508,0,5,5
3051,1,5,6
2368,2,5,7
1588,4,5,9
1558,5,5,10
1170,6,5,11
1051,3,5,8
814,3,5,8
484,9,5,14
4450,0,5,5
3266,0,5,5
2564,1,5,6
2247,2,5,7
1219,2,5,7
792,7,5,12
3645,1,5,6
3603,0,5,5
3392,2,5,7
1599,4,5,9
1391,5,5,10
795,12,5,17
4549,0,5,5
3983,1,5,6
3460,3,5,8
3337,1,5,6
2832,2,5,7
2344,2,5,7
1759,0,5,5
4262,0,5,5
3424,0,5,5
2747,1,5,6
2729,4,5,9
2492,2,5,7
2354,3,5,8
2109,5,5,10
1818,10,5,15
1755,5,5,10
1632,2,5,7
1412,5,5,10
1077,2,5,7
1017,6,5,11
702,6,5,11
4660,0,5,5
3257,0,5,5
2883,4,5,9
2116,5,5,10
688,1,5,6
4524,1,5,6
3926,2,5,7
1146,7,5,12
4674,0,5,5
2528,0,5,5
2283,4,5,9
2169,1,5,6
1847,0,5,5
1776,3,5,8
4602,1,5,6
4358,0,5,5
4323,0,5,5
3435,0,5,5
3025,5,5,10
2751,3,5,8
2616,0,5,5
2541,3,5,8
2392,2,5,7
2334,3,5,8
2291,3,5,8
2267,1,5,6
1574,1,5,6
1201,4,5,9
1200,2,5,7
1136,4,5,9
749,10,5,15
4693,0,5,5
4414,0,5,5
4117,1,5,6
4059,0,5,5
3002,2,5,7
2657,0,5,5
2589,2,5,7
2439,3,5,8
2051,0,5,5
1816,6,5,11
1021,0,5,5
880,16,5,21
4914,0,5,5
4302,0,5,5
3302,1,5,6
3083,1,5,6
2390,1,5,6
1828,2,5,7
1769,3,5,8
1740,4,5,9
4652,0,5,5
4163,0,5,5
3818,0,5,5
2515,5,5,10
2487,3,5,8
2088,0,5,5
1411,4,5,9
4046,0,5,5
2743,2,5,7
2545,1,5,6
2457,1,5,6
2398,0,5,5
2388,1,5,6
2317,1,5,6
2136,0,5,5
2121,1,5,6
2005,2,5,7
1967,3,5,8
1770,1,5,6
1410,7,5,12
1089,5,5,10
1053,13,5,18
4982,0,5,5
4604,1,5,6
4389,0,5,5
3086,2,5,7
2687,3,5,8
2632,1,5,6
2497,3,5,8
2172,0,5,5
2101,3,5,8
1373,10,5,15
4737,0,5,5
4610,0,5,5
4595,0,5,5
4281,1,5,6
4199,0,5,5
3952,0,5,5
3756,1,5,6
2417,1,5,6
2183,2,5,7
1856,4,5,9
1274,1,5,6
1096,3,5,8
619,7,5,12
521,18,5,23
4584,0,5,5
4245,0,5,5
4200,1,5,6
4189,1,5,6
2584,1,5,6
2225,4,5,9
2199,3,5,8
1783,5,5,10
1094,3,5,8
1071,11,5,16
924,1,5,6
4617,0,5,5
4089,3,5,8
3894,1,5,6
3382,1,5,6
2566,3,5,8
2402,2,5,7
2012,3,5,8
1629,1,5,6
1294,6,5,11
936,6,5,11
847,6,5,11
4583,0,5,5
4376,1,5,6
4170,0,5,5
3925,0,5,5
3733,0,5,5
3584,1,5,6
3565,1,5,6
3293,1,5,6
3108,2,5,7
3072,0,5,5
2915,1,5,6
2907,3,5,8
2592,2,5,7
2519,1,5,6
2063,2,5,7
2019,0,5,5
1925,6,5,11
1802,14,5,19
1377,10,5,15
1338,2,5,7
917,7,5,12
718,3,5,8
861,3,5,8
4339,0,5,5
4314,0,5,5
4034,0,5,5
3650,0,5,5
3408,1,5,6
2104,1,5,6
1921,3,5,8
1570,5,5,10
1324,11,5,16
761,9,5,14
514,17,5,22
304,33,5,38
4548,0,5,5
2573,3,5,8
2499,3,5,8
1911,3,5,8
1563,5,5,10
1014,3,5,8
4805,0,5,5
2880,0,5,5
1995,2,5,7
966,2,5,7
693,36,5,41
516,12,5,17
4927,0,5,5
4247,0,5,5
3158,0,5,5
3082,0,5,5
1247,2,5,7
1066,4,5,9
4748,0,5,5
4704,0,5,5
3212,3,5,8
2544,1,5,6
2144,2,5,7
1033,8,5,13
604,15,5,20
4946,0,5,5
4500,0,5,5
4286,0,5,5
3631,0,5,5
3486,1,5,6
3194,2,5,7
2842,0,5,5
2775,1,5,6
2543,1,5,6
2110,3,5,8
2080,1,5,6
1821,1,5,6
1757,7,5,12
1658,2,5,7
1447,4,5,9
1432,4,5,9
1171,2,5,7
1000,4,5,9
513,8,5,13
4938,0,5,5
4871,0,5,5
4517,1,5,6
4318,0,5,5
4217,0,5,5
3813,1,5,6
3798,1,5,6
3692,0,5,5
3218,1,5,6
2426,2,5,7
2320,1,5,6
2244,11,5,16
2223,2,5,7
2165,0,5,5
2091,4,5,9
1630,4,5,9
1361,5,5,10
1085,3,5,8
214,22,5,27
4956,0,5,5
4657,0,5,5
4419,0,5,5
4056,2,5,7
3641,1,5,6
1118,3,5,8
1113,4,5,9
4618,0,5,5
4448,0,5,5
4187,3,5,8
3910,0,5,5
3425,2,5,7
3349,2,5,7
2688,1,5,6
2469,1,5,6
2372,1,5,6
2245,3,5,8
2242,3,5,8
1626,1,5,6
1098,4,5,9
1040,11,5,16
850,3,5,8
2609,1,5,6
2411,2,5,7
1723,3,5,8
4886,0,5,5
4659,0,5,5
2048,1,5,6
1479,10,5,15
1258,3,5,8
4465,1,5,6
3526,2,5,7
3524,0,5,5
2337,5,5,10
2133,1,5,6
1849,2,5,7
1196,1,5,6
4996,0,5,5
4862,0,5,5
3537,1,5,6
3473,0,5,5
2319,4,5,9
1520,1,5,6
440,11,5,16
4393,0,5,5
4225,0,5,5
3272,0,5,5
2991,0,5,5
2814,0,5,5
2756,1,5,6
2486,2,5,7
1507,1,5,6
1357,4,5,9
1142,4,5,9
4037,0,5,5
2803,3,5,8
2213,4,5,9
1524,2,5,7
613,10,5,15
546,6,5,11
4828,0,5,5
4664,0,5,5
3979,0,5,5
3888,3,5,8
3768,0,5,5
3391,0,5,5
3303,0,5,5
3249,1,5,6
2278,4,5,9
1300,6,5,11
579,7,5,12
4499,0,5,5
4149,0,5,5
3863,0,5,5
3371,1,5,6
3320,2,5,7
2874,2,5,7
2268,1,5,6
2248,1,5,6
2045,3,5,8
1705,2,5,7
1622,5,5,10
1151,3,5,8
384,6,5,11
335,6,5,11
4472,0,5,5
4143,1,5,6
2586,1,5,6
1609,5,5,10
1169,4,5,9
682,4,5,9
4497,1,5,6
4408,0,5,5
3727,2,5,7
812,18,5,23
4979,0,5,5
4615,0,5,5
4503,0,5,5
4342,0,5,5
3710,1,5,6
2783,0,5,5
2565,6,5,11
2491,2,5,7
2477,5,5,10
1772,5,5,10
1624,2,5,7
997,6,5,11
928,4,5,9
562,3,5,8
4518,0,5,5
4379,0,5,5
4243,0,5,5
4042,1,5,6
3902,0,5,5
3885,2,5,7
3754,1,5,6
3369,0,5,5
3290,2,5,7
2760,2,5,7
2581,2,5,7
2444,2,5,7
1689,6,5,11
1647,3,5,8
1611,0,5,5
1297,0,5,5
984,13,5,18
947,9,5,14
799,1,5,6
4995,0,5,5
4799,0,5,5
4426,0,5,5
2047,5,5,10
1845,1,5,6
1686,2,5,7
1054,6,5,11
4879,0,5,5
4818,0,5,5
4633,1,5,6
4363,2,5,7
4341,0,5,5
3709,0,5,5
3331,2,5,7
3308,1,5,6
2954,3,5,8
2808,2,5,7
2481,2,5,7
2155,0,5,5
2107,2,5,7
1354,6,5,11
979,11,5,16
654,7,5,12
352,4,5,9
343,14,5,19
2112,3,5,8
1164,9,5,14
1047,4,5,9
4910,0,5,5
4893,0,5,5
4873,0,5,5
4810,0,5,5
4579,0,5,5
4568,1,5,6
4478,0,5,5
4284,0,5,5
4179,1,5,6
4118,0,5,5
3879,0,5,5
3545,0,5,5
3511,1,5,6
3329,1,5,6
3275,3,5,8
3186,0,5,5
3054,2,5,7
3028,2,5,7
2889,2,5,7
2625,2,5,7
2534,2,5,7
2480,2,5,7
2441,5,5,10
2386,0,5,5
2096,2,5,7
1996,0,5,5
1984,2,5,7
1939,3,5,8
1883,4,5,9
1874,3,5,8
1796,3,5,8
1703,1,5,6
1452,3,5,8
1440,6,5,11
1389,3,5,8
1248,5,5,10
1165,7,5,12
1115,8,5,13
4957,0,5,5
4546,0,5,5
3806,2,5,7
3669,1,5,6
2644,2,5,7
2431,0,5,5
2258,1,5,6
1982,5,5,10
1809,0,5,5
1667,1,5,6
1559,4,5,9
1396,0,5,5
4905,0,5,5
4256,0,5,5
3223,0,5,5
3103,4,5,9
2932,1,5,6
1571,5,5,10
758,6,5,11
623,2,5,7
4735,0,5,5
4072,1,5,6
3949,2,5,7
3857,0,5,5
3372,2,5,7
2816,6,5,11
2652,4,5,9
2137,2,5,7
2099,0,5,5
1910,2,5,7
1768,1,5,6
1678,3,5,8
1635,7,5,12
1547,3,5,8
1519,9,5,14
884,4,5,9
492,18,5,23
4444,0,5,5
3321,1,5,6
2538,0,5,5
2391,2,5,7
2033,4,5,9
1937,2,5,7
1402,4,5,9
681,9,5,14
4900,0,5,5
4832,0,5,5
4669,0,5,5
4658,0,5,5
4467,0,5,5
3674,2,5,7
3629,0,5,5
3354,1,5,6
3333,2,5,7
2992,0,5,5
2642,2,5,7
2510,2,5,7
2140,1,5,6
1990,1,5,6
1065,8,5,13
922,0,5,5
3229,0,5,5
1586,2,5,7
1239,10,5,15
4527,0,5,5
3753,1,5,6
3548,0,5,5
3393,2,5,7
3166,1,5,6
2916,1,5,6
2872,3,5,8
2608,0,5,5
2384,3,5,8
2353,1,5,6
2266,2,5,7
2255,3,5,8
2059,2,5,7
2042,4,5,9
1896,1,5,6
1870,4,5,9
1573,1,5,6
1496,2,5,7
1166,1,5,6
1130,4,5,9
980,7,5,12
819,5,5,10
586,10,5,15
4402,0,5,5
3360,1,5,6
3309,2,5,7
3291,2,5,7
2893,2,5,7
2734,3,5,8
2634,3,5,8
2575,3,5,8
2396,2,5,7
2257,1,5,6
2018,2,5,7
1285,6,5,11
1031,1,5,6
747,11,5,16
4917,0,5,5
4689,0,5,5
4603,0,5,5
4512,0,5,5
4351,0,5,5
4288,0,5,5
4050,2,5,7
3978,3,5,8
3959,1,5,6
3911,0,5,5
3836,1,5,6
3799,0,5,5
3621,2,5,7
3344,0,5,5
3195,1,5,6
2943,3,5,8
2931,4,5,9
2799,1,5,6
2768,2,5,7
2741,4,5,9
2678,1,5,6
2572,3,5,8
2359,3,5,8
2086,6,5,11
2032,1,5,6
1947,2,5,7
1880,1,5,6
1844,3,5,8
1767,4,5,9
1597,2,5,7
1350,7,5,12
1259,4,5,9
1046,10,5,15
1039,4,5,9
626,11,5,16
149,33,5,38
4971,0,5,5
4007,0,5,5
3840,0,5,5
3781,0,5,5
3767,0,5,5
3750,0,5,5
3572,3,5,8
3381,1,5,6
3005,2,5,7
2849,0,5,5
1974,10,5,15
1824,6,5,11
1693,3,5,8
1644,2,5,7
1581,4,5,9
1537,9,5,14
1173,5,5,10
1156,6,5,11
999,4,5,9
925,12,5,17
591,17,5,22
571,10,5,15
4823,0,5,5
4569,0,5,5
4116,1,5,6
3413,0,5,5
2224,2,5,7
2025,0,5,5
4566,0,5,5
3889,0,5,5
3659,0,5,5
2997,1,5,6
2912,3,5,8
2505,4,5,9
4778,0,5,5
4357,0,5,5
4206,1,5,6
3892,0,5,5
3826,0,5,5
3305,3,5,8
1702,5,5,10
852,14,5,19
4831,0,5,5
4714,0,5,5
4587,0,5,5
4560,0,5,5
3947,0,5,5
3829,0,5,5
3594,2,5,7
3007,3,5,8
2668,3,5,8
2087,3,5,8
1593,4,5,9
1583,3,5,8
1153,4,5,9
919,2,5,7
769,5,5,10
449,9,5,14
404,18,5,23
185,28,5,33
4619,1,5,6
4383,0,5,5
4000,1,5,6
3558,1,5,6
3284,3,5,8
2654,3,5,8
2273,1,5,6
2057,2,5,7
2036,5,5,10
1998,2,5,7
1385,4,5,9
1185,2,5,7
1058,6,5,11
832,4,5,9
4712,0,5,5
4600,0,5,5
4407,0,5,5
4295,0,5,5
4294,2,5,7
4252,0,5,5
4197,1,5,6
4168,1,5,6
4091,0,5,5
4057,2,5,7
3822,0,5,5
3675,0,5,5
3410,3,5,8
3311,4,5,9
3306,0,5,5
3262,0,5,5
3225,3,5,8
3192,2,5,7
3140,2,5,7
3101,2,5,7
2949,1,5,6
2910,6,5,11
2765,0,5,5
2764,0,5,5
2664,0,5,5
2611,3,5,8
2591,1,5,6
2550,1,5,6
2513,3,5,8
2333,3,5,8
2216,3,5,8
1509,3,5,8
1495,8,5,13
1446,10,5,15
1321,5,5,10
1303,10,5,15
1019,2,5,7
1008,2,5,7
929,8,5,13
913,8,5,13
846,5,5,10
787,2,5,7
667,7,5,12
558,2,5,7
510,16,5,21
4960,0,5,5
4922,0,5,5
4239,0,5,5
3886,2,5,7
3586,0,5,5
3462,0,5,5
2838,2,5,7
2128,4,5,9
890,3,5,8
844,13,5,18
4742,0,5,5
4533,0,5,5
4510,1,5,6
4160,0,5,5
4106,0,5,5
3975,1,5,6
3922,0,5,5
3921,0,5,5
3181,2,5,7
2904,2,5,7
2129,0,5,5
1859,9,5,14
1823,0,5,5
1604,5,5,10
1594,3,5,8
4868,0,5,5
4370,1,5,6
4040,0,5,5
3788,0,5,5
3706,1,5,6
2210,4,5,9
938,6,5,11
825,5,5,10
458,10,5,15
4616,0,5,5
4508,0,5,5
4052,0,5,5
4035,0,5,5
3741,0,5,5
3543,0,5,5
3451,2,5,7
2987,0,5,5
2656,1,5,6
2577,2,5,7
2123,6,5,11
2077,3,5,8
1979,2,5,7
1789,1,5,6
1727,2,5,7
1613,4,5,9
1397,3,5,8
1279,8,5,13
1183,6,5,11
965,4,5,9
962,9,5,14
848,8,5,13
754,15,5,20
666,5,5,10
535,11,5,16
469,8,5,13
360,14,5,19
4670,0,5,5
4643,0,5,5
4591,0,5,5
4561,0,5,5
4433,1,5,6
4321,0,5,5
3610,2,5,7
3436,1,5,6
3423,1,5,6
3177,2,5,7
3026,1,5,6
2958,1,5,6
2674,4,5,9
2435,3,5,8
2289,3,5,8
2288,1,5,6
1957,2,5,7
1806,2,5,7
1800,5,5,10
1782,3,5,8
1731,6,5,11
1684,3,5,8
1615,3,5,8
1249,5,5,10
1230,0,5,5
430,3,5,8
416,16,5,21
178,30,5,35
4941,0,5,5
4913,0,5,5
4807,1,5,6
4781,0,5,5
4760,0,5,5
4692,1,5,6
4645,0,5,5
4352,1,5,6
4280,1,5,6
3956,1,5,6
3869,0,5,5
3839,0,5,5
3475,0,5,5
3396,0,5,5
3119,2,5,7
2871,2,5,7
2733,5,5,10
2695,1,5,6
2600,4,5,9
2442,8,5,13
1986,0,5,5
1778,6,5,11
1549,2,5,7
1470,6,5,11
1460,7,5,12
1445,7,5,12
1275,3,5,8
1208,3,5,8
1198,5,5,10
1191,5,5,10
1108,8,5,13
942,17,5,22
859,4,5,9
703,21,5,26
483,10,5,15
272,16,5,21
4542,0,5,5
4431,0,5,5
3330,5,5,10
2770,0,5,5
2539,1,5,6
1059,2,5,7
831,9,5,14
802,8,5,13
4588,0,5,5
4485,0,5,5
4347,0,5,5
4221,1,5,6
4085,0,5,5
3913,1,5,6
3821,0,5,5
3531,0,5,5
3490,2,5,7
2471,3,5,8
2157,4,5,9
2083,4,5,9
1443,6,5,11
4944,0,5,5
4881,0,5,5
4654,0,5,5
4543,0,5,5
4522,0,5,5
4205,0,5,5
3657,1,5,6
3640,1,5,6
3609,3,5,8
3426,0,5,5
3239,0,5,5
3151,2,5,7
3125,2,5,7
3066,1,5,6
2957,1,5,6
2710,1,5,6
2428,1,5,6
2422,0,5,5
2030,3,5,8
2001,2,5,7
1917,5,5,10
1791,3,5,8
1665,4,5,9
1631,11,5,16
1531,7,5,12
1441,8,5,13
1251,14,5,19
1035,4,5,9
826,8,5,13
803,6,5,11
732,6,5,11
642,6,5,11
468,9,5,14
428,7,5,12
407,18,5,23
4943,0,5,5
4852,0,5,5
4784,0,5,5
4547,0,5,5
4388,1,5,6
4322,1,5,6
3998,0,5,5
3965,0,5,5
3782,2,5,7
3601,1,5,6
3516,0,5,5
3282,2,5,7
3092,1,5,6
3008,0,5,5
2594,2,5,7
2219,1,5,6
1711,5,5,10
1566,5,5,10
1525,1,5,6
723,2,5,7
677,6,5,11
648,9,5,14
629,16,5,21
4843,0,5,5
4727,0,5,5
4385,0,5,5
4158,0,5,5
3986,1,5,6
3904,4,5,9
3693,1,5,6
3581,3,5,8
3236,3,5,8
2817,0,5,5
2718,0,5,5
2637,1,5,6
2511,1,5,6
2318,3,5,8
2152,1,5,6
1560,4,5,9
1240,5,5,10
1147,14,5,19
1129,4,5,9
1105,9,5,14
934,8,5,13
708,7,5,12
555,4,5,9
200,7,5,12
4623,0,5,5
4387,0,5,5
4290,0,5,5
4131,1,5,6
4115,0,5,5
4023,0,5,5
3666,1,5,6
3448,2,5,7
3387,0,5,5
3334,2,5,7
2903,3,5,8
2720,3,5,8
2681,0,5,5
2635,3,5,8
2374,0,5,5
2345,0,5,5
2329,0,5,5
2303,0,5,5
2154,0,5,5
1946,3,5,8
1914,5,5,10
1811,5,5,10
1568,5,5,10
1378,0,5,5
1355,3,5,8
1348,8,5,13
1154,1,5,6
1056,10,5,15
396,16,5,21
386,9,5,14
364,14,5,19
262,23,5,28
4809,0,5,5
4662,1,5,6
4590,0,5,5
4581,1,5,6
4381,1,5,6
4327,0,5,5
4287,0,5,5
4223,1,5,6
4194,0,5,5
3935,0,5,5
3814,0,5,5
3532,0,5,5
3388,1,5,6
3075,2,5,7
3070,4,5,9
2979,0,5,5
2906,2,5,7
2531,3,5,8
2312,0,5,5
2131,5,5,10
1973,6,5,11
1912,6,5,11
1869,4,5,9
1771,0,5,5
1743,1,5,6
1675,1,5,6
1554,6,5,11
417,10,5,15
4981,0,5,5
4973,0,5,5
4876,0,5,5
4481,2,5,7
4138,0,5,5
3908,1,5,6
3622,1,5,6
3040,1,5,6
2942,0,5,5
2737,2,5,7
2454,1,5,6
1590,11,5,16
945,4,5,9
901,8,5,13
497,11,5,16
227,20,5,25
4985,0,5,5
4930,0,5,5
4794,0,5,5
4788,0,5,5
4724,0,5,5
4682,2,5,7
4620,0,5,5
4460,1,5,6
4437,0,5,5
4420,0,5,5
4396,0,5,5
4166,0,5,5
3867,0,5,5
3651,0,5,5
3637,1,5,6
3633,2,5,7
3612,1,5,6
3583,0,5,5
3228,0,5,5
3203,1,5,6
3095,2,5,7
2939,0,5,5
2739,0,5,5
2639,3,5,8
2465,4,5,9
2403,3,5,8
2332,7,5,12
2237,1,5,6
1993,3,5,8
1930,5,5,10
1763,7,5,12
1643,15,5,20
1344,8,5,13
1254,9,5,14
1182,7,5,12
952,4,5,9
777,8,5,13
658,1,5,6
565,13,5,18
439,12,5,17
435,8,5,13
228,45,5,50
181,35,5,40
4980,0,5,5
4864,0,5,5
4836,0,5,5
4711,1,5,6
4257,1,5,6
3747,4,5,9
3654,0,5,5
3260,0,5,5
3175,0,5,5
3114,1,5,6
2926,1,5,6
2516,3,5,8
2356,2,5,7
2197,4,5,9
2000,7,5,12
1808,5,5,10
1735,1,5,6
1438,7,5,12
1374,4,5,9
1114,9,5,14
794,13,5,18
462,4,5,9
437,8,5,13
4977,0,5,5
4969,0,5,5
4903,0,5,5
4883,0,5,5
4844,1,5,6
4567,0,5,5
4496,0,5,5
4403,0,5,5
4213,1,5,6
4154,0,5,5
4071,1,5,6
3909,0,5,5
3735,0,5,5
3488,2,5,7
3441,3,5,8
3379,0,5,5
3370,0,5,5
3301,1,5,6
3248,0,5,5
2918,1,5,6
2901,2,5,7
2824,0,5,5
2304,4,5,9
2302,1,5,6
2239,3,5,8
2056,2,5,7
1866,1,5,6
1837,3,5,8
1602,0,5,5
1527,7,5,12
1522,4,5,9
1464,4,5,9
1194,7,5,12
1141,7,5,12
1110,4,5,9
1081,9,5,14
977,6,5,11
923,7,5,12
800,2,5,7
757,6,5,11
684,18,5,23
672,10,5,15
606,7,5,12
491,12,5,17
452,7,5,12
433,8,5,13
409,14,5,19
296,18,5,23
4706,1,5,6
4480,0,5,5
4209,0,5,5
4069,0,5,5
3655,0,5,5
3003,0,5,5
2524,3,5,8
2371,2,5,7
2362,2,5,7
2031,2,5,7
2009,1,5,6
1884,1,5,6
1725,7,5,12
1709,5,5,10
989,5,5,10
986,13,5,18
791,8,5,13
726,5,5,10
4959,0,5,5
3697,2,5,7
3385,2,5,7
3201,1,5,6
3180,2,5,7
2791,0,5,5
2691,2,5,7
2561,1,5,6
1591,5,5,10
1516,1,5,6
982,5,5,10
804,1,5,6
501,1,5,6
471,7,5,12
405,11,5,16
225,35,5,40
4780,0,5,5
4749,0,5,5
4362,0,5,5
3560,0,5,5
3047,1,5,6
2886,1,5,6
2535,2,5,7
2346,2,5,7
1820,1,5,6
1473,3,5,8
1426,4,5,9
1301,6,5,11
858,11,5,16
4770,0,5,5
4516,0,5,5
4053,0,5,5
4033,0,5,5
3955,1,5,6
3945,0,5,5
3830,0,5,5
3792,0,5,5
3542,2,5,7
2868,0,5,5
2761,2,5,7
2684,1,5,6
2593,1,5,6
1562,3,5,8
1287,4,5,9
1076,5,5,10
1060,27,5,32
1045,5,5,10
868,5,5,10
709,9,5,14
664,7,5,12
538,11,5,16
299,16,5,21
4934,0,5,5
4827,0,5,5
4733,1,5,6
4313,0,5,5
3784,1,5,6
3730,1,5,6
3476,2,5,7
3123,1,5,6
2826,1,5,6
1953,3,5,8
1863,3,5,8
1400,8,5,13
1063,4,5,9
906,6,5,11
765,13,5,18
4933,0,5,5
4897,0,5,5
4870,0,5,5
4795,0,5,5
4715,0,5,5
4613,0,5,5
4346,0,5,5
4124,0,5,5
3905,0,5,5
3757,0,5,5
3690,1,5,6
3619,0,5,5
3576,0,5,5
3535,2,5,7
3094,0,5,5
2927,2,5,7
2887,2,5,7
2807,0,5,5
2620,1,5,6
2432,2,5,7
2401,2,5,7
2394,2,5,7
2271,3,5,8
2161,10,5,15
2094,6,5,11
2035,0,5,5
2020,3,5,8
1766,6,5,11
1764,2,5,7
1646,0,5,5
1341,4,5,9
1055,9,5,14
959,9,5,14
912,12,5,17
853,8,5,13
833,2,5,7
798,13,5,18
785,1,5,6
784,15,5,20
643,12,5,17
600,9,5,14
464,17,5,22
376,7,5,12
341,10,5,15
4550,0,5,5
4525,0,5,5
4399,1,5,6
4343,0,5,5
4304,0,5,5
4277,0,5,5
4253,0,5,5
4226,0,5,5
4078,1,5,6
4001,0,5,5
3849,3,5,8
3670,3,5,8
3566,0,5,5
3457,1,5,6
3412,1,5,6
3405,0,5,5
3390,0,5,5
3270,3,5,8
2973,1,5,6
2967,1,5,6
2829,4,5,9
2778,0,5,5
2727,1,5,6
2706,0,5,5
2588,2,5,7
2455,3,5,8
2448,4,5,9
2410,1,5,6
2222,4,5,9
2122,2,5,7
2067,4,5,9
2050,2,5,7
1945,1,5,6
1926,8,5,13
1919,3,5,8
1891,6,5,11
1728,1,5,6
1535,8,5,13
1521,1,5,6
1466,0,5,5
1419,7,5,12
1057,0,5,5
964,13,5,18
930,0,5,5
813,11,5,16
773,5,5,10
671,11,5,16
542,5,5,10
356,15,5,20
3860,1,5,6
3216,1,5,6
2986,0,5,5
2330,2,5,7
2227,2,5,7
1950,9,5,14
1358,0,5,5
1106,2,5,7
1075,4,5,9
3432,1,5,6
1010,1,5,6
974,18,5,23
920,3,5,8
897,10,5,15
885,10,5,15
857,2,5,7
3214,1,5,6
746,0,5,5
727,10,5,15
715,6,5,11
691,15,5,20
598,8,5,13
596,6,5,11
590,11,5,16
2947,3,5,8
559,8,5,13
549,5,5,10
543,2,5,7
533,15,5,20
2890,1,5,6
455,3,5,8
2812,1,5,6
445,15,5,20
414,11,5,16
2771,0,5,5
413,10,5,15
378,12,5,17
2735,3,5,8
373,14,5,19
363,17,5,22
361,12,5,17
351,9,5,14
2708,7,5,12
250,26,5,31
249,25,5,30
179,21,5,26
2536,4,5,9
119,32,5,37
74,59,5,64
72,110,5,115
4885,0,5,5
171,41,5,46
4432,0,5,5
2075,2,5,7
4139,0,5,5
3877,1,5,6
3384,0,5,5
1027,6,5,11
3326,1,5,6
969,8,5,13
3009,2,5,7
652,10,5,15
2646,1,5,6
289,13,5,18
2074,7,5,12
2038,5,5,10
1898,2,5,7
1881,0,5,5
4238,1,5,6
1835,4,5,9
1706,5,5,10
4063,0,5,5
1700,10,5,15
1413,4,5,9
1404,0,5,5
1375,4,5,9
3732,1,5,6
210,10,5,15
2567,5,5,10
1319,7,5,12
3676,2,5,7
1293,1,5,6
1281,1,5,6
1100,8,5,13
1067,2,5,7
988,7,5,12
3345,1,5,6
910,9,5,14
3267,0,5,5
843,26,5,31
760,15,5,20
3117,2,5,7
685,7,5,12
674,10,5,15
3031,2,5,7
540,22,5,27
2897,1,5,6
481,7,5,12
477,17,5,22
2834,3,5,8
461,8,5,13
424,16,5,21
2781,1,5,6
423,6,5,11
2780,1,5,6
4858,0,5,5
144,43,5,48
2501,2,5,7
422,3,5,8
2779,1,5,6
347,8,5,13
246,15,5,20
65,48,5,53
4779,0,5,5
44,75,5,80
4758,0,5,5
4806,0,5,5
92,49,5,54
4697,1,5,6
4544,1,5,6
2187,1,5,6
4349,1,5,6
4316,0,5,5
4310,1,5,6
4233,1,5,6
1876,9,5,14
739,3,5,8
3096,0,5,5
4066,0,5,5
3828,0,5,5
3790,1,5,6
1433,5,5,10
3553,2,5,7
3160,0,5,5
3102,1,5,6
745,7,5,12
2700,1,5,6
2141,3,5,8
2103,1,5,6
2089,3,5,8
1871,2,5,7
1843,0,5,5
2941,0,5,5
584,12,5,17
1832,3,5,8
1817,2,5,7
1773,3,5,8
1584,0,5,5
1451,3,5,8
3808,0,5,5
1450,4,5,9
3807,1,5,6
1376,2,5,7
1345,5,5,10
3702,0,5,5
1179,1,5,6
1036,8,5,13
1006,8,5,13
3363,0,5,5
1003,3,5,8
3041,2,5,7
823,6,5,11
821,8,5,13
817,13,5,18
707,4,5,9
683,8,5,13
675,21,5,26
665,9,5,14
663,20,5,25
3020,1,5,6
599,14,5,19
2956,1,5,6
2805,3,5,8
448,15,5,20
587,16,5,21
553,2,5,7
499,6,5,11
2856,2,5,7
410,15,5,20
2767,2,5,7
400,5,5,10
336,13,5,18
306,12,5,17
2663,1,5,6
301,29,5,34
2658,5,5,10
218,11,5,16
183,26,5,31
160,26,5,31
4874,0,5,5
2517,1,5,6
4592,0,5,5
156,13,5,18
1264,1,5,6
155,5,5,10
100,25,5,30
40,63,5,68
2397,2,5,7
35,51,5,56
4898,0,5,5
184,13,5,18
1567,4,5,9
3924,0,5,5
4894,0,5,5
180,57,5,62
146,1,5,6
2503,4,5,9
4860,0,5,5
4582,0,5,5
4509,2,5,7
4384,0,5,5
2027,3,5,8
4186,0,5,5
1829,1,5,6
4123,1,5,6
782,10,5,15
3139,2,5,7
4109,0,5,5
1752,3,5,8
3915,0,5,5
3873,0,5,5
3838,0,5,5
1481,10,5,15
3795,3,5,8
3708,0,5,5
1351,5,5,10
308,29,5,34
3635,1,5,6
1278,9,5,14
298,21,5,26
3625,1,5,6
3615,0,5,5
4350,0,5,5
3241,3,5,8
2060,2,5,7
4278,0,5,5
3169,8,5,13
950,12,5,17
3168,0,5,5
811,6,5,11
3129,1,5,6
772,2,5,7
3045,3,5,8
3012,0,5,5
655,11,5,16
2975,1,5,6
618,5,5,10
1819,4,5,9
2928,2,5,7
1756,6,5,11
2865,0,5,5
508,12,5,17
2835,1,5,6
478,14,5,19
1701,3,5,8
4058,0,5,5
2810,0,5,5
453,13,5,18
2804,1,5,6
447,17,5,22
530,5,5,10
2748,1,5,6
391,19,5,24
2738,1,5,6
381,20,5,25
2671,3,5,8
314,13,5,18
2626,3,5,8
269,10,5,15
2610,1,5,6
253,13,5,18
2494,1,5,6
137,29,5,34
232,20,5,25
2450,0,5,5
93,27,5,32
1291,2,5,7
182,19,5,24
4896,0,5,5
2400,2,5,7
43,72,5,77
2272,2,5,7
4629,0,5,5
2194,6,5,11
2185,3,5,8
2174,1,5,6
4531,0,5,5
2171,1,5,6
2167,2,5,7
2105,3,5,8
4462,0,5,5
963,5,5,10
2072,2,5,7
4429,0,5,5
957,11,5,16
3314,3,5,8
2066,6,5,11
4423,0,5,5
1989,4,5,9
1954,2,5,7
1938,1,5,6
1935,4,5,9
4292,0,5,5
4125,1,5,6
1907,4,5,9
3010,1,5,6
653,4,5,9
1901,2,5,7
4258,1,5,6
1889,2,5,7
1793,6,5,11
4150,0,5,5
621,4,5,9
2839,0,5,5
482,9,5,14
3948,1,5,6
1730,4,5,9
1717,0,5,5
601,3,5,8
1710,1,5,6
4067,0,5,5
1674,2,5,7
1578,4,5,9
4884,0,5,5
170,27,5,32
2527,2,5,7
1557,1,5,6
1526,7,5,12
1436,1,5,6
3793,1,5,6
1326,3,5,8
3683,1,5,6
4634,0,5,5
2277,0,5,5
198,15,5,20
1307,5,5,10
2380,2,5,7
23,111,5,116
1271,5,5,10
135,45,5,50
4849,1,5,6
1244,3,5,8
1202,6,5,11
79,16,5,21
4793,0,5,5
1188,2,5,7
3319,1,5,6
1101,6,5,11
1079,3,5,8
1069,5,5,10
3279,0,5,5
1061,1,5,6
1044,4,5,9
3401,0,5,5
1038,16,5,21
3395,0,5,5
1024,3,5,8
3230,3,5,8
873,4,5,9
1012,6,5,11
968,5,5,10
3325,0,5,5
904,4,5,9
3261,2,5,7
899,3,5,8
883,17,5,22
3099,0,5,5
881,1,5,6
3238,1,5,6
836,1,5,6
3193,0,5,5
768,5,5,10
753,8,5,13
3110,2,5,7
716,16,5,21
704,2,5,7
687,4,5,9
3044,1,5,6
673,6,5,11
3030,1,5,6
583,7,5,12
2940,0,5,5
554,5,5,10
2911,0,5,5
545,18,5,23
523,8,5,13
3800,1,5,6
473,10,5,15
2830,1,5,6
446,2,5,7
425,5,5,10
2782,0,5,5
387,7,5,12
369,9,5,14
2726,3,5,8
355,24,5,29
354,3,5,8
2711,0,5,5
338,6,5,11
254,30,5,35
1362,3,5,8
3719,1,5,6
2462,3,5,8
105,24,5,29
4819,0,5,5
244,26,5,31
2601,2,5,7
241,11,5,16
1346,9,5,14
3703,0,5,5
237,33,5,38
4951,0,5,5
224,8,5,13
1308,4,5,9
199,25,5,30
158,28,5,33
2375,3,5,8
18,75,5,80
3484,0,5,5
157,28,5,33
2514,2,5,7
150,36,5,41
147,19,5,24
2504,2,5,7
142,8,5,13
4856,1,5,6
128,25,5,30
2485,2,5,7
114,23,5,28
109,28,5,33
3430,0,5,5
1073,7,5,12
1212,4,5,9
103,40,5,45
97,46,5,51
4811,1,5,6
89,49,5,54
2446,0,5,5
4803,0,5,5
62,55,5,60
4776,0,5,5
136,25,5,30
2493,3,5,8
4850,1,5,6
4572,0,5,5
2215,3,5,8
3258,1,5,6
4367,0,5,5
4020,0,5,5
3964,0,5,5
1607,4,5,9
3927,0,5,5
3614,1,5,6
841,4,5,9
3059,0,5,5
3015,1,5,6
705,9,5,14
2923,2,5,7
566,15,5,20
2811,0,5,5
454,9,5,14
270,6,5,11
2488,1,5,6
4845,0,5,5
131,12,5,17
33,77,5,82
4747,0,5,5
2251,2,5,7
967,5,5,10
3324,0,5,5
2076,6,5,11
4232,2,5,7
1875,0,5,5
2014,0,5,5
1886,5,5,10
1734,2,5,7
1672,4,5,9
4029,0,5,5
442,25,5,30
1551,7,5,12
431,20,5,25
2788,2,5,7
1540,5,5,10
1395,2,5,7
4661,2,5,7
1334,3,5,8
3691,0,5,5
2196,1,5,6
4553,0,5,5
1087,2,5,7
1043,14,5,19
3400,2,5,7
948,6,5,11
872,1,5,6
774,18,5,23
3131,2,5,7
751,9,5,14
3989,1,5,6
662,5,5,10
661,1,5,6
569,12,5,17
3820,2,5,7
1463,4,5,9
493,4,5,9
415,16,5,21
403,6,5,11
334,8,5,13
209,14,5,19
1299,2,5,7
190,10,5,15
1263,8,5,13
154,45,5,50
121,31,5,36
2478,2,5,7
83,46,5,51
2440,1,5,6
78,19,5,24
4792,0,5,5
76,37,5,42
2433,0,5,5
4790,0,5,5
53,33,5,38
1135,4,5,9
3492,1,5,6
26,32,5,37
4740,1,5,6
25,108,5,113
2382,1,5,6
22,70,5,75
2379,1,5,6
346,20,5,25
4782,0,5,5
2425,2,5,7
68,17,5,22
1423,10,5,15
3780,0,5,5
4750,0,5,5
36,35,5,40
4738,0,5,5
24,84,5,89
2381,7,5,12
281,7,5,12
4717,0,5,5
3,9,1,10
2360,0,5,5
193,12,5,17
1128,1,5,6
19,127,5,132
4455,0,5,5
2098,1,5,6
949,7,5,12
4276,0,5,5
4202,1,5,6
835,5,5,10
4162,0,5,5
1805,1,5,6
3861,0,5,5
1504,4,5,9
1587,2,5,7
3805,0,5,5
3739,2,5,7
1382,1,5,6
397,9,5,14
2754,4,5,9
3724,0,5,5
323,25,5,30
2680,2,5,7
4328,0,5,5
1971,4,5,9
1082,8,5,13
3439,0,5,5
1623,3,5,8
3980,0,5,5
4309,1,5,6
1952,2,5,7
522,11,5,16
970,5,5,10
4297,0,5,5
1940,2,5,7
4180,2,5,7
4129,0,5,5
4234,0,5,5
1529,3,5,8
650,11,5,16
3977,0,5,5
1620,4,5,9
1840,0,5,5
731,19,5,24
641,1,5,6
3968,0,5,5
722,5,5,10
3079,2,5,7
3851,1,5,6
4840,0,5,5
2483,0,5,5
126,14,5,19
3731,0,5,5
2496,4,5,9
139,14,5,19
332,26,5,31
273,20,5,25
2630,6,5,11
3494,3,5,8
1137,5,5,10
248,21,5,26
2605,2,5,7
2357,3,5,8
107,39,5,44
3434,2,5,7
729,4,5,9
3196,3,5,8
839,8,5,13
2966,2,5,7
609,8,5,13
1815,4,5,9
4172,0,5,5
3113,4,5,9
756,9,5,14
3938,0,5,5
1801,3,5,8
692,10,5,15
585,10,5,15
2722,0,5,5
3831,1,5,6
1474,4,5,9
4789,0,5,5
75,31,5,36
353,14,5,19
3112,0,5,5
755,4,5,9
894,8,5,13
292,13,5,18
1401,6,5,11
319,7,5,12
2676,4,5,9
2614,6,5,11
257,7,5,12
450,6,5,11
991,3,5,8
3348,4,5,9
4134,1,5,6
2876,3,5,8
519,8,5,13
1176,2,5,7
67,48,5,53
2424,3,5,8
2285,2,5,7
4642,0,5,5
3315,1,5,6
958,13,5,18
2206,0,5,5
4563,1,5,6
42,28,5,33
2399,2,5,7
2182,0,5,5
4539,0,5,5
1641,9,5,14
3929,1,5,6
1572,2,5,7
1224,8,5,13
2130,7,5,12
1616,8,5,13
507,16,5,21
2864,0,5,5
4336,0,5,5
2118,3,5,8
4475,0,5,5
122,22,5,27
1231,4,5,9
3588,0,5,5
4558,0,5,5
2201,0,5,5
1420,4,5,9
2529,2,5,7
172,29,5,34
191,7,5,12
2548,1,5,6
3518,0,5,5
1934,3,5,8
4098,0,5,5
1741,3,5,8
284,13,5,18
2641,3,5,8
4998,0,5,5
4720,0,5,5
6,81,1,82
1393,6,5,11
230,25,5,30
2587,3,5,8
3557,2,5,7
1922,5,5,10
2463,1,5,6
106,33,5,38
759,3,5,8
1868,1,5,6
4086,1,5,6
1729,1,5,6
1904,3,5,8
4261,0,5,5
2961,1,5,6
4070,1,5,6
1852,1,5,6
229,35,5,40
41,79,5,84
4755,0,5,5
2259,1,5,6
636,4,5,9
2993,6,5,11
2854,3,5,8
1745,4,5,9
4991,0,5,5
277,15,5,20
1204,8,5,13
196,27,5,32
2553,5,5,10
3523,0,5,5
3036,2,5,7
679,13,5,18
818,5,5,10
1724,5,5,10
1671,4,5,9
4028,0,5,5
48,37,5,42
2265,4,5,9
4622,0,5,5
47,85,5,90
4761,0,5,5
1637,1,5,6
1123,13,5,18
3480,2,5,7
3341,2,5,7
14,73,5,78
518,8,5,13
1627,1,5,6
4440,0,5,5
4,134,1,135
2361,0,5,5
4718,0,5,5
2709,2,5,7
1086,11,5,16
3832,0,5,5
1475,5,5,10
2723,2,5,7
366,22,5,27
1614,4,5,9
460,10,5,15
1569,3,5,8
487,9,5,14
2844,6,5,11
4355,0,5,5
27,30,5,35
4741,0,5,5
1528,10,5,15
3296,1,5,6
939,8,5,13
3377,2,5,7
1020,5,5,10
50,80,5,85
2407,9,5,14
388,18,5,23
1497,10,5,15
1486,3,5,8
3843,0,5,5
377,5,5,10
4473,0,5,5
37,27,5,32
1430,8,5,13
1457,9,5,14
348,12,5,17
2705,1,5,6
1392,9,5,14
3749,4,5,9
202,18,5,23
2420,2,5,7
63,98,5,103
4638,0,5,5
310,16,5,21
3649,0,5,5
349,10,5,15
1336,5,5,10
118,24,5,29
2475,5,5,10
1227,7,5,12
1795,6,5,11
686,12,5,17
3043,0,5,5
368,9,5,14
2725,1,5,6
1477,6,5,11
1220,2,5,7
138,26,5,31
2495,2,5,7
30,42,5,47
4744,0,5,5
4466,0,5,5
275,9,5,14
816,1,5,6
307,16,5,21
1195,1,5,6
3552,1,5,6
86,28,5,33
2845,0,5,5
488,3,5,8
627,4,5,9
2984,1,5,6
935,13,5,18
3292,1,5,6
2044,3,5,8
502,11,5,16
2859,3,5,8
2451,1,5,6
94,23,5,28
233,8,5,13
4947,0,5,5
2590,3,5,8
2790,3,5,8
220,15,5,20
4609,1,5,6
173,22,5,27
2530,3,5,8
177,36,5,41
3504,1,5,6
163,22,5,27
1786,0,5,5
2377,3,5,8
20,84,5,89
4734,0,5,5
159,25,5,30
700,7,5,12
3057,4,5,9
32,117,5,122
2389,2,5,7
527,18,5,23
1636,3,5,8
3993,2,5,7
13,116,5,121
320,15,5,20
2677,4,5,9
3274,3,5,8
4464,0,5,5
28,98,5,103
2246,1,5,6
82,20,5,25
3470,0,5,5
143,15,5,20
4857,0,5,5
3884,0,5,5
557,10,5,15
2721,0,5,5
125,35,5,40
2482,3,5,8
971,5,5,10
3328,0,5,5
140,15,5,20
676,12,5,17
81,45,5,50
2840,1,5,6
622,4,5,9
595,5,5,10
1704,2,5,7
973,9,5,14
187,14,5,19
4901,0,5,5
60,17,5,22
1683,5,5,10
2228,3,5,8
4585,0,5,5
10,222,5,227
2769,2,5,7
412,10,5,15
551,12,5,17
842,5,5,10
3199,4,5,9
87,21,5,26
2305,3,5,8
2846,1,5,6
489,7,5,12
7,267,5,272
4721,0,5,5
1243,12,5,17
134,12,5,17
3658,1,5,6
1548,5,5,10
1575,4,5,9
466,11,5,16
2823,0,5,5
1372,1,5,6
263,23,5,28
4442,0,5,5
2085,2,5,7
3211,2,5,7
854,7,5,12
2102,1,5,6
1155,4,5,9
46,56,5,61
1669,3,5,8
4627,0,5,5
24975,0,1,1
3762,0,5,5
239,20,5,25
2596,2,5,7
4953,0,5,5
1908,2,5,7
4236,0,5,5
990,3,5,8
395,23,5,28
2752,4,5,9
3722,2,5,7
1365,8,5,13
476,11,5,16
2162,5,5,10
4380,1,5,6
2023,4,5,9
2270,1,5,6
52,64,5,69
4766,0,5,5
2229,1,5,6
11,235,5,240
4725,0,5,5
552,6,5,11
2909,2,5,7
268,17,5,22
2965,2,5,7
608,8,5,13
1680,10,5,15
1653,1,5,6
4010,1,5,6
2762,0,5,5
2061,2,5,7
4418,1,5,6
438,17,5,22
3332,2,5,7
975,4,5,9
5,143,1,144
1628,4,5,9
1885,2,5,7
4103,0,5,5
2994,2,5,7
637,0,5,5
776,6,5,11
2453,4,5,9
96,23,5,28
235,3,5,8
4949,0,5,5
1178,6,5,11
1,260,0,260
59,36,5,41
4773,0,5,5
1682,9,5,14
2,59,1,60
1492,6,5,11
383,13,5,18
2740,1,5,6
2249,3,5,8
31,30,5,35
1050,4,5,9
2159,7,5,12
4377,1,5,6
49,22,5,27
4763,0,5,5
1670,11,5,16
561,17,5,22
2238,1,5,6
2071,2,5,7
4428,0,5,5
529,16,5,21
1070,9,5,14
3342,0,5,5
985,11,5,16
15,135,5,140
1189,3,5,8
3546,1,5,6
80,31,5,36
2437,4,5,9
2731,1,5,6
374,17,5,22
3351,3,5,8
1133,6,5,11
1332,4,5,9
3689,0,5,5
223,15,5,20
2523,0,5,5
166,37,5,42
4880,0,5,5
1414,12,5,17
3771,0,5,5
305,7,5,12
2647,3,5,8
290,30,5,35
429,14,5,19
1851,2,5,7
58,60,5,65
1439,3,5,8
3796,0,5,5
330,16,5,21
339,9,5,14
2696,0,5,5
285,12,5,17
1449,4,5,9
340,10,5,15
1963,5,5,10
344,9,5,14
2701,0,5,5
725,12,5,17
367,11,5,16
2724,4,5,9
908,5,5,10
411,8,5,13
112,49,5,54
1221,2,5,7
3578,0,5,5
2623,2,5,7
266,6,5,11
2138,1,5,6
1029,5,5,10
537,9,5,14
2894,5,5,10
3269,1,5,6
4378,0,5,5
2021,7,5,12
2160,4,5,9
3471,0,5,5
1172,2,5,7
3958,0,5,5
1601,3,5,8
631,20,5,25
2988,0,5,5
3150,0,5,5
793,3,5,8
932,8,5,13
4133,0,5,5
806,12,5,17
570,9,5,14
29,58,5,63
2193,1,5,6
581,7,5,12
5000,1,5,6
286,14,5,19
660,3,5,8
38,32,5,37
3365,3,5,8
4195,0,5,5
1838,4,5,9
1977,6,5,11
4334,0,5,5
1515,0,5,5
3872,0,5,5
1434,9,5,14
744,21,5,26
752,2,5,7
3109,2,5,7
830,8,5,13
3187,1,5,6
4157,0,5,5
1865,0,5,5
4678,0,5,5
242,15,5,20
2599,3,5,8
66,26,5,31
2423,2,5,7
3312,4,5,9
837,10,5,15
3176,5,5,10
1972,3,5,8
4329,0,5,5
863,3,5,8
1918,1,5,6
4275,0,5,5
809,7,5,12
3027,1,5,6
670,7,5,12
1976,4,5,9
867,4,5,9
3224,0,5,5
2158,3,5,8
4515,1,5,6
616,0,5,5
886,17,5,22
3243,0,5,5
2509,4,5,9
152,23,5,28
4132,0,5,5
1775,5,5,10
992,8,5,13
451,10,5,15
165,14,5,19
84,35,5,40
1193,11,5,16
2870,1,5,6
1214,1,5,6
3571,3,5,8
1241,4,5,9
3598,3,5,8
132,27,5,32
4846,1,5,6
1502,5,5,10
4829,0,5,5
2472,1,5,6
115,26,5,31
506,15,5,20
4942,0,5,5
614,8,5,13
9,107,5,112
1091,3,5,8
2335,1,5,6
117,14,5,19
2474,0,5,5
3447,2,5,7
1090,8,5,13
120,74,5,79
238,12,5,17
362,14,5,19
2719,0,5,5
436,17,5,22
525,23,5,28
498,17,5,22
849,14,5,19
3087,2,5,7
730,12,5,17
869,3,5,8
328,17,5,22
2007,4,5,9
898,9,5,14
4296,0,5,5
4215,1,5,6
4361,0,5,5
2004,2,5,7
1034,1,5,6
123,12,5,17
1232,7,5,12
3589,0,5,5
1306,10,5,15
4220,1,5,6
2002,4,5,9
4359,2,5,7
4707,0,5,5
2095,3,5,8
4452,0,5,5
2106,2,5,7
4463,0,5,5
943,6,5,11
2052,1,5,6
4270,0,5,5
1913,6,5,11
2461,1,5,6
104,47,5,52
297,11,5,16
855,6,5,11
605,9,5,14
2920,0,5,5
563,15,5,20
4651,0,5,5
215,11,5,16
161,14,5,19
2518,2,5,7
775,7,5,12
3130,3,5,8
3202,1,5,6
845,7,5,12
3626,0,5,5
1269,3,5,8
921,2,5,7
4345,0,5,5
1988,7,5,12
1126,7,5,12
3483,0,5,5
4453,2,5,7
17,183,5,188
1072,4,5,9
3429,1,5,6
2181,0,5,5
531,4,5,9
2888,1,5,6
2749,0,5,5
1640,8,5,13
2322,2,5,7
4679,1,5,6
4540,0,5,5
699,13,5,18
3056,1,5,6
2917,2,5,7
560,8,5,13
1398,11,5,16
1132,5,5,10
3350,1,5,6
993,7,5,12
3335,0,5,5
978,6,5,11
8,178,5,183
4722,0,5,5
1117,1,5,6
3474,2,5,7
3074,1,5,6
717,4,5,9
1121,5,5,10
3478,0,5,5
12,127,5,132
4726,0,5,5
61,19,5,24
2418,1,5,6
4775,0,5,5
1225,6,5,11
116,38,5,43
2473,0,5,5
148,26,5,31
175,30,5,35
189,20,5,25
206,11,5,16
1316,5,5,10
3673,2,5,7
3534,2,5,7
207,22,5,27
4921,0,5,5
1289,5,5,10
221,5,5,10
2578,4,5,9
256,28,5,33
3606,0,5,5
1388,5,5,10
279,9,5,14
2636,1,5,6
1403,10,5,15
3760,1,5,6
294,15,5,20
3716,2,5,7
4825,0,5,5
2468,3,5,8
111,20,5,25
389,4,5,9
418,7,5,12
1543,2,5,7
434,13,5,18
444,12,5,17
2801,0,5,5
1598,1,5,6
632,12,5,17
2989,4,5,9
91,62,5,67
4534,1,5,6
2177,0,5,5
98,6,5,11
644,3,5,8
2293,3,5,8
698,8,5,13
720,2,5,7
3077,1,5,6
639,6,5,11
3966,1,5,6
724,5,5,10
4135,0,5,5
808,9,5,14
879,0,5,5
3100,0,5,5
743,8,5,13
882,8,5,13
940,3,5,8
3297,0,5,5
960,6,5,11
3317,1,5,6
4308,0,5,5
1951,3,5,8
981,3,5,8
4332,0,5,5
1975,3,5,8
1005,6,5,11
3362,1,5,6
1041,0,5,5
1313,1,5,6
231,17,5,22
4945,0,5,5
1465,2,5,7
576,12,5,17
2933,1,5,6
1685,4,5,9
1779,2,5,7
713,7,5,12
1822,2,5,7
1909,0,5,5
4266,2,5,7
3190,1,5,6
972,10,5,15
2081,3,5,8
4438,1,5,6
2190,6,5,11
16,72,5,77
2373,0,5,5
2234,4,5,9
3316,1,5,6
2434,2,5,7
77,24,5,29
3555,1,5,6
1337,9,5,14
333,11,5,16
2551,1,5,6
194,18,5,23
860,12,5,17
3217,0,5,5
3078,0,5,5
721,2,5,7
2073,2,5,7
3182,0,5,5
205,14,5,19
1314,7,5,12
192,56,5,61
3519,0,5,5
1162,3,5,8
300,21,5,26
3627,2,5,7
1270,5,5,10
345,15,5,20
2702,2,5,7
3672,0,5,5
432,19,5,24
2789,0,5,5
3759,0,5,5
459,8,5,13
568,11,5,16
3895,1,5,6
1538,4,5,9
4244,1,5,6
1887,5,5,10
998,3,5,8
3355,1,5,6
4268,0,5,5
427,7,5,12
2784,3,5,8
1536,6,5,11
2645,0,5,5
288,20,5,25
944,0,5,5
4271,1,5,6
34,31,5,36
2261,1,5,6
4479,0,5,5
2263,3,5,8
45,42,5,47
4759,0,5,5
102,41,5,46
21,94,5,99
2378,1,5,6
124,28,5,33
638,8,5,13
1747,3,5,8
3513,2,5,7
186,9,5,14
195,28,5,33
4909,1,5,6
2552,1,5,6
1343,1,5,6
3700,2,5,7
234,16,5,21
259,14,5,19
337,25,5,30
2694,3,5,8
402,11,5,16
2759,1,5,6
470,11,5,16
2827,3,5,8
486,15,5,20
517,6,5,11
719,12,5,17
3076,3,5,8
153,10,5,15
1262,5,5,10
737,5,5,10
2999,1,5,6
781,3,5,8
786,6,5,11
3143,2,5,7
1924,2,5,7
815,16,5,21
1356,2,5,7
877,4,5,9
892,8,5,13
1080,6,5,11
3437,0,5,5
4537,0,5,5
2180,4,5,9
1210,6,5,11
3567,1,5,6
1280,5,5,10
219,11,5,16
2576,2,5,7
1328,2,5,7
1331,4,5,9
1872,7,5,12
251,9,5,14
4965,0,5,5
1360,4,5,9
3717,0,5,5
3617,2,5,7
1260,1,5,6
1399,8,5,13
1467,6,5,11
766,7,5,12
212,28,5,33
2569,0,5,5
3539,1,5,6
2430,1,5,6
73,11,5,16
4787,0,5,5
1459,4,5,9
2568,1,5,6
211,22,5,27
3726,0,5,5
2617,3,5,8
260,10,5,15
4974,0,5,5
3136,6,5,11
779,14,5,19
1015,5,5,10
3233,1,5,6
2205,4,5,9
4562,0,5,5
2295,1,5,6
3404,1,5,6
1197,7,5,12
3554,2,5,7
3415,1,5,6
127,10,5,15
1236,1,5,6
3593,0,5,5
3454,4,5,9
1097,12,5,17
3472,2,5,7
375,14,5,19
2732,0,5,5
1144,11,5,16
3501,1,5,6
1150,3,5,8
1199,9,5,14
1215,2,5,7
1265,6,5,11
1283,3,5,8
1317,3,5,8
1371,5,5,10
1383,6,5,11
1472,0,5,5
1491,1,5,6
3848,1,5,6
1514,3,5,8
3871,1,5,6
1518,2,5,7
1564,3,5,8
1596,2,5,7
1633,4,5,9
1639,5,5,10
3996,1,5,6
1677,3,5,8
1691,3,5,8
1748,2,5,7
4105,0,5,5
1753,5,5,10
4110,1,5,6
1762,1,5,6
4119,1,5,6
1853,3,5,8
4210,2,5,7
1905,2,5,7
1928,3,5,8
1936,3,5,8
4293,0,5,5
1968,0,5,5
2017,2,5,7
2029,7,5,12
2065,0,5,5
2068,4,5,9
4425,0,5,5
2114,7,5,12
4471,0,5,5
2184,3,5,8
2203,1,5,6
2243,7,5,12
2300,2,5,7
2328,5,5,10
2341,6,5,11
2348,0,5,5
2498,2,5,7
141,14,5,19
2675,3,5,8
318,12,5,17
2755,2,5,7
398,11,5,16
2777,1,5,6
420,9,5,14
2806,2,5,7
2851,1,5,6
494,6,5,11
2896,1,5,6
539,10,5,15
2921,1,5,6
564,6,5,11
3157,5,5,10
3359,0,5,5
3366,2,5,7
3406,1,5,6
3464,5,5,10
3624,1,5,6
3764,2,5,7
1407,6,5,11
3850,1,5,6
3882,1,5,6
3939,1,5,6
4051,0,5,5
1694,4,5,9
4153,0,5,5
4178,0,5,5
4230,0,5,5
1873,5,5,10
4248,0,5,5
4360,0,5,5
2003,2,5,7
4412,0,5,5
4520,0,5,5
2163,1,5,6
4530,1,5,6
2173,3,5,8
4625,0,5,5
4656,0,5,5
2299,0,5,5
4684,0,5,5
2327,0,5,5
4687,1,5,6
4769,0,5,5
55,29,5,34
51,59,5,64
54,40,5,45
64,36,5,41
69,41,5,46
70,24,5,29
90,19,5,24
4804,1,5,6
2447,1,5,6
99,65,5,70
129,32,5,37
145,14,5,19
2502,5,5,10
151,31,5,36
4865,1,5,6
168,38,5,43
2525,1,5,6
174,32,5,37
201,20,5,25
4915,0,5,5
245,22,5,27
274,24,5,29
4988,0,5,5
2631,0,5,5
278,9,5,14
282,16,5,21
303,25,5,30
2660,1,5,6
326,11,5,16
2683,8,5,13
390,15,5,20
441,15,5,20
2798,2,5,7
479,26,5,31
2836,1,5,6
503,6,5,11
512,4,5,9
577,5,5,10
611,4,5,9
2968,0,5,5
617,5,5,10
2974,0,5,5
656,17,5,22
3013,2,5,7
657,3,5,8
678,8,5,13
689,9,5,14
736,3,5,8
3093,0,5,5
741,9,5,14
762,13,5,18
767,4,5,9
3124,1,5,6
824,5,5,10
878,3,5,8
895,4,5,9
907,16,5,21
937,1,5,6
3294,3,5,8
1023,3,5,8
1028,12,5,17
1109,6,5,11
3466,1,5,6
1168,4,5,9
3525,1,5,6
1213,0,5,5
1223,2,5,7
1284,4,5,9
1288,6,5,11
1318,4,5,9
1322,3,5,8
1380,3,5,8
1484,5,5,10
1489,9,5,14
3846,1,5,6
1500,4,5,9
1577,3,5,8
3934,1,5,6
1579,8,5,13
1580,7,5,12
1595,5,5,10
1634,0,5,5
3991,1,5,6
1650,3,5,8
1652,3,5,8
1654,1,5,6
1664,2,5,7
4021,0,5,5
1698,3,5,8
1714,1,5,6
1715,6,5,11
1780,1,5,6
1839,4,5,9
4196,1,5,6
1878,6,5,11
4235,0,5,5
1899,4,5,9
1920,1,5,6
1958,3,5,8
1962,7,5,12
4319,3,5,8
1980,1,5,6
1983,2,5,7
4340,0,5,5
2022,1,5,6
2026,1,5,6
2135,2,5,7
2146,0,5,5
2208,1,5,6
4565,0,5,5
2211,5,5,10
2221,2,5,7
2231,1,5,6
2260,1,5,6
2262,3,5,8
2574,0,5,5
217,16,5,21
2653,2,5,7
2679,12,5,17
322,6,5,11
2717,1,5,6
2794,3,5,8
2822,0,5,5
465,6,5,11
2867,1,5,6
2936,6,5,11
2969,1,5,6
612,14,5,19
3162,1,5,6
3188,3,5,8
3221,0,5,5
3245,1,5,6
888,5,5,10
3268,2,5,7
911,6,5,11
3419,1,5,6
3604,1,5,6
3613,1,5,6
1256,10,5,15
3636,0,5,5
3721,1,5,6
1364,0,5,5
3743,3,5,8
1386,2,5,7
3769,0,5,5
3825,0,5,5
1468,1,5,6
3835,0,5,5
3907,0,5,5
3918,0,5,5
1561,6,5,11
4018,0,5,5
4219,0,5,5
4283,2,5,7
4369,0,5,5
4665,0,5,5
2308,2,5,7
4695,0,5,5
4710,1,5,6
4713,0,5,5
4940,0,5,5
226,3,5,8
2583,3,5,8
57,47,5,52
133,33,5,38
243,39,5,44
317,6,5,11
331,13,5,18
419,15,5,20
485,14,5,19
511,6,5,11
534,9,5,14
2891,2,5,7
550,20,5,25
575,3,5,8
597,7,5,12
603,6,5,11
701,16,5,21
710,10,5,15
735,1,5,6
748,3,5,8
770,4,5,9
790,2,5,7
3147,2,5,7
807,9,5,14
856,11,5,16
891,15,5,20
903,18,5,23
1124,4,5,9
1149,8,5,13
1180,8,5,13
1203,5,5,10
1505,6,5,11
1512,5,5,10
1542,4,5,9
1651,3,5,8
1659,2,5,7
1666,0,5,5
1761,4,5,9
1850,8,5,13
4207,0,5,5
1956,6,5,11
2111,4,5,9
2132,8,5,13
2204,2,5,7
2212,4,5,9
2241,2,5,7
4598,0,5,5
2355,3,5,8
2686,1,5,6
329,4,5,9
2945,3,5,8
588,10,5,15
3080,1,5,6
3141,2,5,7
3383,0,5,5
1026,4,5,9
3705,1,5,6
3783,0,5,5
3961,0,5,5
4088,1,5,6
4112,1,5,6
4373,1,5,6
4404,2,5,7
4421,0,5,5
2064,0,5,5
4434,0,5,5
4457,0,5,5
4624,0,5,5
71,37,5,42
85,11,5,16
95,30,5,35
2452,3,5,8
113,26,5,31
203,15,5,20
2560,2,5,7
204,12,5,17
309,18,5,23
2666,4,5,9
357,12,5,17
379,5,5,10
2736,1,5,6
401,7,5,12
443,8,5,13
2800,1,5,6
509,16,5,21
2866,1,5,6
515,2,5,7
548,2,5,7
594,3,5,8
610,11,5,16
633,6,5,11
645,13,5,18
646,4,5,9
712,8,5,13
3069,5,5,10
788,8,5,13
834,3,5,8
871,5,5,10
1084,4,5,9
1157,4,5,9
1174,3,5,8
1218,9,5,14
1304,4,5,9
1394,0,5,5
1421,4,5,9
1487,5,5,10
3844,0,5,5
1513,2,5,7
1892,0,5,5
1900,3,5,8
2028,1,5,6
2766,2,5,7
2881,3,5,8
524,10,5,15
2929,2,5,7
3006,1,5,6
649,4,5,9
3052,1,5,6
695,11,5,16
3063,0,5,5
3146,2,5,7
789,6,5,11
3449,0,5,5
1092,6,5,11
3568,0,5,5
1211,9,5,14
3660,0,5,5
3668,0,5,5
1311,1,5,6
3772,2,5,7
1415,3,5,8
4224,1,5,6
4241,0,5,5
4353,0,5,5
4365,0,5,5
2008,4,5,9
108,82,5,87
261,23,5,28
264,18,5,23
321,10,5,15
350,6,5,11
421,4,5,9
544,11,5,16
640,21,5,26
738,13,5,18
875,4,5,9
902,4,5,9
926,5,5,10
1018,4,5,9
1103,1,5,6
1145,8,5,13
1266,5,5,10
1708,4,5,9
1750,5,5,10
1970,4,5,9
2092,4,5,9
2125,5,5,10
2326,1,5,6
2351,2,5,7
2692,3,5,8
3152,2,5,7
3170,0,5,5
3389,2,5,7
1032,1,5,6
3530,0,5,5
3696,0,5,5
3943,0,5,5
4111,0,5,5
1754,1,5,6
4211,0,5,5
1854,1,5,6
4274,0,5,5
4477,0,5,5
4681,0,5,5
2324,4,5,9
39,112,5,117
56,110,5,115
110,21,5,26
164,22,5,27
2521,2,5,7
4878,1,5,6
169,20,5,25
197,10,5,15
2554,2,5,7
208,23,5,28
408,12,5,17
615,25,5,30
2972,1,5,6
647,10,5,15
651,11,5,16
659,11,5,16
733,5,5,10
763,0,5,5
1139,9,5,14
3496,0,5,5
1187,7,5,12
1190,5,5,10
1207,6,5,11
1237,8,5,13
1295,13,5,18
1302,4,5,9
1353,5,5,10
1406,1,5,6
1506,8,5,13
1546,7,5,12
1642,4,5,9
1668,7,5,12
4025,0,5,5
1744,3,5,8
1927,4,5,9
1961,3,5,8
2070,4,5,9
2445,4,5,9
88,10,5,15
2533,2,5,7
176,30,5,35
2624,1,5,6
267,11,5,16
2848,5,5,10
2959,1,5,6
3276,0,5,5
3574,0,5,5
3744,3,5,8
1387,1,5,6
3766,1,5,6
1409,4,5,9
4083,1,5,6
4145,1,5,6
4204,0,5,5
4406,2,5,7
4456,0,5,5
4536,0,5,5
2179,3,5,8
287,24,5,29
291,8,5,13
371,6,5,11
393,7,5,12
2750,1,5,6
495,10,5,15
680,9,5,14
696,5,5,10
714,10,5,15
874,10,5,15
961,11,5,16
995,9,5,14
1083,10,5,15
1138,5,5,10
1250,4,5,9
1276,7,5,12
1310,7,5,12
1435,4,5,9
1453,4,5,9
2013,3,5,8
3487,0,5,5
3498,1,5,6
3699,1,5,6
4043,0,5,5
4306,1,5,6
1949,4,5,9
4435,0,5,5
188,24,5,29
222,11,5,16
276,10,5,15
2633,1,5,6
293,14,5,19
316,17,5,22
327,18,5,23
457,13,5,18
496,12,5,17
500,11,5,16
2857,4,5,9
532,28,5,33
536,9,5,14
624,4,5,9
2981,1,5,6
669,12,5,17
694,9,5,14
764,11,5,16
3121,2,5,7
771,5,5,10
870,20,5,25
3227,2,5,7
941,2,5,7
983,10,5,15
1007,5,5,10
1068,6,5,11
1088,4,5,9
3445,0,5,5
1095,1,5,6
1152,1,5,6
1238,8,5,13
3595,0,5,5
1245,4,5,9
1327,6,5,11
3684,1,5,6
1454,1,5,6
1462,3,5,8
1483,4,5,9
1608,1,5,6
1722,9,5,14
1737,0,5,5
4094,1,5,6
1830,2,5,7
1834,1,5,6
1955,4,5,9
2054,4,5,9
2097,2,5,7
2188,3,5,8
4545,0,5,5
2218,0,5,5
2256,1,5,6
2296,2,5,7
2309,2,5,7
2311,1,5,6
2347,0,5,5
2352,4,5,9
4709,0,5,5
2774,1,5,6
2785,3,5,8
2898,3,5,8
541,6,5,11
2985,0,5,5
628,1,5,6
3118,0,5,5
3183,2,5,7
3185,1,5,6
3219,1,5,6
3417,0,5,5
3446,1,5,6
3573,0,5,5
3632,2,5,7
3680,0,5,5
1323,0,5,5
3698,1,5,6
3738,1,5,6
3842,0,5,5
3972,1,5,6
4068,3,5,8
4100,0,5,5
4282,1,5,6
4331,0,5,5
4447,0,5,5
2090,0,5,5
4513,0,5,5
4680,0,5,5
2323,2,5,7
4700,0,5,5
240,11,5,16
313,14,5,19
456,11,5,16
472,11,5,16
567,14,5,19
2924,0,5,5
573,8,5,13
690,11,5,16
820,3,5,8
1111,5,5,10
1143,16,5,21
1186,6,5,11
1192,5,5,10
1222,5,5,10
1246,3,5,8
1480,6,5,11
1681,5,5,10
1792,2,5,7
1807,5,5,10
4164,2,5,7
1841,6,5,11
1890,6,5,11
1969,1,5,6
4326,0,5,5
2062,1,5,6
2139,1,5,6
2202,1,5,6
2209,4,5,9
2284,3,5,8
2349,8,5,13
2716,0,5,5
359,8,5,13
3246,1,5,6
889,10,5,15
3951,0,5,5
4128,2,5,7
4171,0,5,5
4506,1,5,6
101,33,5,38
236,4,5,9
474,6,5,11
504,8,5,13
574,12,5,17
634,6,5,11
838,4,5,9
976,8,5,13
1120,5,5,10
1181,6,5,11
3538,3,5,8
1209,1,5,6
1261,1,5,6
1272,6,5,11
1320,3,5,8
1368,5,5,10
1370,4,5,9
1424,8,5,13
1461,1,5,6
1523,3,5,8
1707,3,5,8
1736,2,5,7
1965,1,5,6
2011,4,5,9
2034,8,5,13
2079,4,5,9
2084,1,5,6
2175,2,5,7
2279,2,5,7
2297,4,5,9
2298,6,5,11
2331,0,5,5
2892,2,5,7
3197,1,5,6
3204,1,5,6
3237,1,5,6
3520,2,5,7
1163,3,5,8
3605,1,5,6
3616,1,5,6
3866,0,5,5
3917,1,5,6
3940,0,5,5
4095,1,5,6
4096,0,5,5
1739,2,5,7
4144,1,5,6
4155,0,5,5
4184,1,5,6
4415,0,5,5
463,12,5,17
2820,1,5,6
520,19,5,24
2877,2,5,7
625,5,5,10
635,10,5,15
829,6,5,11
887,2,5,7
915,8,5,13
1226,7,5,12
1333,3,5,8
1425,3,5,8
1552,4,5,9
1656,3,5,8
1716,4,5,9
2148,0,5,5
2913,1,5,6
3361,1,5,6
3442,2,5,7
3718,0,5,5
4032,1,5,6
4390,0,5,5
4523,0,5,5
162,33,5,38
302,9,5,14
312,12,5,17
315,14,5,19
358,15,5,20
372,6,5,11
399,6,5,11
475,19,5,24
593,10,5,15
668,15,5,20
780,6,5,11
797,7,5,12
1048,5,5,10
1252,5,5,10
1277,7,5,12
1309,10,5,15
1422,2,5,7
1511,1,5,6
1673,6,5,11
1679,1,5,6
1695,7,5,12
1794,1,5,6
4151,2,5,7
1864,0,5,5
1987,3,5,8
2200,3,5,8
2276,5,5,10
2604,6,5,11
247,16,5,21
2819,2,5,7
2858,3,5,8
3107,0,5,5
3253,1,5,6
3644,0,5,5
3681,1,5,6
4571,0,5,5
4573,0,5,5
380,7,5,12
480,12,5,17
578,16,5,21
865,10,5,15
1025,8,5,13
1408,1,5,6
1556,6,5,11
1606,9,5,14
1760,2,5,7
1812,0,5,5
2236,2,5,7
3299,1,5,6
3479,0,5,5
3686,3,5,8
3906,3,5,8
4002,0,5,5
4015,0,5,5
4092,0,5,5
4298,0,5,5
4673,0,5,5
2316,0,5,5
216,31,5,36
255,14,5,19
258,8,5,13
295,11,5,16
385,5,5,10
406,11,5,16
467,13,5,18
582,22,5,27
630,10,5,15
734,13,5,18
3091,6,5,11
801,6,5,11
866,7,5,12
893,7,5,12
3250,1,5,6
1290,5,5,10
1366,0,5,5
1390,14,5,19
1428,3,5,8
1488,2,5,7
3845,0,5,5
1499,3,5,8
1517,1,5,6
1565,0,5,5
1718,3,5,8
1751,5,5,10
1942,7,5,12
2037,1,5,6
2207,2,5,7
2292,0,5,5
2787,0,5,5
3541,1,5,6
3852,0,5,5
3855,0,5,5
4014,2,5,7
4080,2,5,7
4193,0,5,5
4317,0,5,5
252,12,5,17
325,23,5,28
620,11,5,16
1016,3,5,8
1093,9,5,14
1099,7,5,12
1175,6,5,11
1384,4,5,9
1417,4,5,9
1427,4,5,9
1619,4,5,9
1825,0,5,5
2226,3,5,8
3097,0,5,5
3134,0,5,5
3167,0,5,5
810,9,5,14
3701,0,5,5
3712,1,5,6
4237,0,5,5
213,37,5,42
2570,0,5,5
394,2,5,7
526,17,5,22
528,12,5,17
711,5,5,10
900,6,5,11
951,15,5,20
1037,6,5,11
1205,3,5,8
1234,8,5,13
3591,1,5,6
1242,8,5,13
1335,6,5,11
1340,1,5,6
1347,2,5,7
1437,6,5,11
1545,1,5,6
1605,2,5,7
1662,5,5,10
1721,4,5,9
1813,2,5,7
2039,1,5,6
2043,6,5,11
2151,4,5,9
2230,2,5,7
3023,3,5,8
3310,1,5,6
3482,4,5,9
3597,0,5,5
4024,0,5,5
4392,0,5,5
4612,0,5,5
4986,0,5,5
2629,1,5,6
167,19,5,24
1064,3,5,8
1534,3,5,8
2153,2,5,7
2217,2,5,7
2306,0,5,5
3411,1,5,6
728,6,5,11
851,6,5,11
1255,4,5,9
1610,4,5,9
1758,4,5,9
3928,1,5,6
4231,0,5,5
4338,1,5,6
4470,0,5,5
4589,0,5,5
130,16,5,21
271,14,5,19
280,37,5,42
311,14,5,19
324,15,5,20
382,12,5,17
607,5,5,10
697,6,5,11
1022,12,5,17
1160,10,5,15
1298,6,5,11
1541,3,5,8
1774,2,5,7
1857,4,5,9
1948,6,5,11
2191,3,5,8
2301,2,5,7
2937,0,5,5
580,19,5,24
2963,0,5,5
3111,1,5,6
3122,0,5,5
3397,0,5,5
3428,0,5,5
3503,4,5,9
3587,0,5,5
4307,0,5,5
4461,0,5,5
4514,0,5,5
4647,0,5,5
370,28,5,33
1112,10,5,15
1140,3,5,8
1206,8,5,13
1476,1,5,6
3505,2,5,7
3960,1,5,6
4165,0,5,5
265,10,5,15
342,32,5,37
931,8,5,13
996,10,5,15
1131,2,5,7
1273,2,5,7
1305,7,5,12
1429,6,5,11
1585,4,5,9
1897,4,5,9
1906,7,5,12
2640,2,5,7
3144,0,5,5
3153,0,5,5
426,9,5,14
1312,9,5,14
