Node,Hub
2708,0.0000038971
5278,0.0000000000
1,0.0000000000
14,0.0734922935
22,0.0734922935
32,0.0734922935
43,0.0752490344
187,0.0734922935
241,0.0788886301
282,0.0739123899
312,0.0744231714
400,0.0734922935
423,0.0773963720
446,0.0734922935
488,0.0757766442
489,0.0770110739
499,0.0758384852
525,0.0766965877
558,0.0739369770
572,0.0817916840
581,0.0734922935
584,0.0734922935
585,0.0757337596
606,0.0758836996
643,0.0743598568
644,0.0739305192
654,0.0785921363
713,0.0754119614
714,0.0772227789
721,0.0734922935
738,0.0816322874
739,0.0743397736
791,0.0739336162
804,0.0748270428
807,0.0761102783
810,0.0762313790
818,0.0862583381
823,0.0753031111
828,0.0739525144
881,0.0758334179
884,0.0823819033
906,0.0743704505
907,0.0763450163
951,0.0743752858
998,0.0766748954
1011,0.0751416993
1029,0.0779909374
1054,0.0790747784
1055,0.0770110739
1074,0.0734922935
1136,0.0757281854
1145,0.0734922935
1174,0.0776494590
1176,0.0776661256
1197,0.0780868405
1200,0.0756842825
1201,0.0771535588
1213,0.0747671573
1218,0.0824446221
1219,0.0757874152
1251,0.0769674654
1256,0.0734922935
1288,0.0734922935
1291,0.0743449091
1299,0.0750027905
1305,0.0734922935
1306,0.0809874608
1315,0.0770926097
1318,0.0758836996
1322,0.0771544689
1330,0.0842032616
1342,0.0739276686
1345,0.0739843935
1349,0.0756863743
1350,0.0765695324
1351,0.0770278377
1367,0.0814504010
1394,0.0739172762
1435,0.0771131841
1461,0.0798229393
1470,0.0739281446
1499,0.0743612922
1503,0.0779657277
1504,0.0748170032
1510,0.0809874608
1531,0.0789265056
1554,0.0798518146
1557,0.0744307669
1558,0.0809874608
1559,0.0734922935
1560,0.0734922935
1561,0.0789265056
1563,0.0789717155
1564,0.0748789785
1565,0.0739843935
1571,0.0782729037
1572,0.0743397781
1575,0.0734922935
1587,0.0782028689
1590,0.0771304954
1603,0.0734922935
1611,0.0822048493
1613,0.0767651082
1618,0.0756764678
1620,0.0748383318
1626,0.0790745146
1633,0.0757752766
1638,0.0744522594
1639,0.0757591575
1640,0.0739123899
1655,0.0809874608
1690,0.0779657277
1691,0.0779657277
1692,0.0779657277
1693,0.0788621868
1697,0.0802746015
1747,0.0758988924
1749,0.0743614518
1753,0.0749504378
1755,0.0812618202
1812,0.0782729037
1836,0.0743960438
1862,0.0753692403
1863,0.0788146556
1910,0.0765888085
1941,0.0811925016
1944,0.0782729037
2060,0.0745785036
2118,0.0790365372
2123,0.0776626512
2132,0.0748190092
2144,0.0812055234
2196,0.0776183569
2230,0.0739123899
2234,0.0859271361
2249,0.0752635935
2293,0.0788758235
2302,0.0764827915
2325,0.0789265056
2337,0.0833465783
2341,0.0743893003
2343,0.0752370377
2347,0.0757627551
2354,0.0779314975
2367,0.0734922935
2369,0.0739412521
2375,0.0779934974
2379,0.0744169242
2381,0.0789265056
2397,0.0779909374
2402,0.0833565467
2403,0.0775839237
2427,0.0784113951
2428,0.0779657277
2434,0.0757059174
2470,0.0791927352
2480,0.0739123899
2493,0.0739123899
2525,0.0739717255
2526,0.0782729037
2571,0.0806140281
2573,0.0734922935
2607,0.0899404532
2611,0.0734922935
2640,0.0782729037
2656,0.0899404532
2658,0.0785595713
2667,0.0767110005
2682,0.0879504296
2696,0.0757766442
2703,0.0899404532
2,0.0000000000
2058,0.0008829922
2150,0.0010219323
3,0.0000000000
5,0.0002642430
6,0.0002642430
10,0.0002642430
114,0.0011231474
117,0.0003623729
119,0.0010166639
127,0.0016582816
168,0.0002642430
173,0.0003197302
369,0.0009236477
415,0.0015903630
422,0.0010753096
425,0.0016646469
428,0.0004384004
433,0.0016235374
435,0.0015995924
526,0.0023328708
542,0.0004306589
651,0.0015754786
668,0.0015768843
706,0.0002642430
847,0.0015946992
978,0.0031745161
1034,0.0002829407
1179,0.0002642430
1186,0.0024236925
1399,0.0004680491
1852,0.0016489459
1902,0.0043257334
1934,0.0016333929
1974,0.0002657536
1994,0.0002800573
1995,0.0009329975
2003,0.0015899643
2033,0.0015873324
2091,0.0017021468
2138,0.0003147066
2204,0.0015347724
2210,0.0003191853
2213,0.0002657536
2245,0.0002779195
2318,0.0009696866
4,0.0000000000
123,0.0024042171
302,0.0033623105
414,0.0015007474
421,0.0028517711
478,0.0001117106
479,0.0001582069
775,0.0001049574
1078,0.0007570746
1170,0.0000986944
1212,0.0001180359
2066,0.0001409045
88,0.0006266654
122,0.0045028025
335,0.0013581253
436,0.0000507521
115,0.0000178224
263,0.0019628615
517,0.0000178224
1401,0.0007064343
7,0.0000000000
89,0.0000010398
92,0.0000010398
201,0.0001516162
227,0.0000027544
729,0.0000264952
8,0.0000000000
515,0.0008028254
550,0.0000079071
2207,0.0000236726
9,0.0000000000
599,0.0000067796
787,0.0005176900
1198,0.0000682352
1238,0.0000067406
2545,0.0005864639
90,0.0000265884
183,0.0000307215
209,0.0000834710
1323,0.0000343601
11,0.0000000000
667,0.0000000000
12,0.0000000000
13,0.0000000000
838,0.0000000023
1916,0.0000000000
2113,0.0000000000
2006,0.0000000000
112,0.0040153607
124,0.0051193049
208,0.0045279509
327,0.0032042942
351,0.0032042942
432,0.0032582298
503,0.0032042942
707,0.0032637764
831,0.0032342439
941,0.0032417429
1021,0.0046650348
1110,0.0048869566
1128,0.0032295411
1362,0.0045048393
1363,0.0050291343
1392,0.0032416783
1641,0.0060545587
1966,0.0032582298
2096,0.0045448431
2128,0.0045139047
15,0.0000000000
16,0.0000056563
495,0.0000918659
1943,0.0000057264
1972,0.0001367275
2146,0.0005107924
2562,0.0001519037
2584,0.0000924187
105,0.0000862096
107,0.0000908342
239,0.0000862096
244,0.0001669445
247,0.0000862096
385,0.0000867111
458,0.0001081971
509,0.0000867502
564,0.0002271458
603,0.0022691031
669,0.0000862096
728,0.0000862096
861,0.0000862096
1005,0.0001319027
1108,0.0000914178
1248,0.0000888963
1279,0.0001037304
1396,0.0005109576
1397,0.0000960208
1478,0.0005077075
1568,0.0000878048
1696,0.0000879607
1786,0.0001353885
1796,0.0002051584
1953,0.0001101402
1979,0.0000867025
2056,0.0023963719
2081,0.0000867025
2137,0.0000867025
2182,0.0000867098
2220,0.0001191232
2258,0.0000968752
2277,0.0000867025
2320,0.0002271364
2385,0.0000876806
2546,0.0006266562
2596,0.0001302868
17,0.0000000000
58,0.0004459821
81,0.0004657708
532,0.0004544704
1002,0.0004513536
1215,0.0004856432
2017,0.0004598966
2100,0.0004546204
18,0.0000000000
19,0.0000028222
333,0.0000139736
419,0.0000139736
20,0.0000000000
845,0.0000061258
2625,0.0005170873
21,0.0000000000
23,0.0004571530
1921,0.0016991788
1971,0.0000125408
2404,0.0000124695
2683,0.0000125412
583,0.0033434938
2019,0.0005006610
24,0.0000000717
506,0.0000353950
2080,0.0023479068
25,0.0000000000
177,0.0000000000
184,0.0000000000
1458,0.0000000000
2707,0.0000000000
26,0.0000000000
903,0.0000016544
1061,0.0000016735
1917,0.0000076707
27,0.0000000000
110,0.0004909145
561,0.0000131451
659,0.0005100838
1945,0.0000178418
28,0.0000000000
152,0.0006168392
153,0.0006127061
259,0.0007246193
313,0.0006219618
340,0.0005862856
394,0.0006197511
454,0.0011624477
455,0.0006658303
640,0.0005916776
712,0.0011356777
825,0.0007233605
826,0.0011465721
855,0.0005867652
882,0.0012448325
937,0.0006054488
1100,0.0005974194
1180,0.0005872917
1339,0.0005762018
1481,0.0015973602
1513,0.0005762018
1528,0.0007233605
1530,0.0010209760
1599,0.0006127061
1694,0.0024064373
1923,0.0006233136
2042,0.0005903141
2261,0.0010614473
2294,0.0007233605
2344,0.0005794955
2386,0.0006418033
2548,0.0005993375
29,0.0000000000
163,0.0004265361
165,0.0004297417
359,0.0004214979
370,0.0005404466
371,0.0026043913
372,0.0004358675
390,0.0004214979
545,0.0004239940
609,0.0027397695
740,0.0005022327
815,0.0027233400
821,0.0004401956
842,0.0026263787
853,0.0004214979
973,0.0004214979
1048,0.0004214979
1098,0.0026043913
1129,0.0004214979
1157,0.0005523430
1160,0.0013426151
1161,0.0018277650
1269,0.0004291903
1390,0.0005523430
1398,0.0004289134
1545,0.0004414107
1670,0.0018382132
1759,0.0004239213
1762,0.0004615095
1860,0.0011907063
1876,0.0004214979
1890,0.0027233400
1891,0.0004214979
1893,0.0004214979
1894,0.0026043913
1895,0.0005404466
1896,0.0004239074
1909,0.0011739187
1918,0.0004214979
1967,0.0004214979
1997,0.0005467011
2041,0.0004321635
2079,0.0004214979
2090,0.0013502899
2136,0.0008935071
2139,0.0005404466
2148,0.0004314446
2154,0.0004239074
2178,0.0025176813
2183,0.0004264157
2199,0.0004239074
2223,0.0004315087
2247,0.0004246916
2259,0.0004214979
2358,0.0033568122
2392,0.0004214979
2417,0.0018382132
2486,0.0026043913
2491,0.0004246887
2492,0.0026043913
2517,0.0004214979
2519,0.0004404500
2549,0.0004214979
2563,0.0005112696
2564,0.0004214979
2592,0.0013073939
2622,0.0004214979
2694,0.0026043913
30,0.0000000000
31,0.0000000000
93,0.0000300283
1204,0.0022983072
1450,0.0000300283
1515,0.0000351406
1518,0.0000302000
1922,0.0000302000
1992,0.0000542845
2047,0.0005239854
2097,0.0000300283
2135,0.0000608273
2159,0.0000378527
2192,0.0000308079
2228,0.0000669410
2251,0.0000310354
2674,0.0000306291
33,0.0047806102
543,0.0048079371
670,0.0070649608
1084,0.0102148222
1754,0.0062641656
2533,0.0071217345
34,0.0000000000
85,0.0000293578
86,0.0000016371
151,0.0000823720
476,0.0000823720
621,0.0000016371
1832,0.0000016371
2162,0.0000016681
2177,0.0000033040
2542,0.0000840389
35,0.0000000000
356,0.0010550078
412,0.0000169915
505,0.0001048857
594,0.0000102099
36,0.0000000000
2151,0.0018209876
37,0.0000000000
504,0.0000008118
2050,0.0000010992
38,0.0000000000
40,0.0000001828
41,0.0000001828
61,0.0000282529
62,0.0000031733
63,0.0000001828
999,0.0000001828
39,0.0000000000
60,0.0000000000
2025,0.0000106817
2648,0.0000003036
2660,0.0000003036
2661,0.0000256966
42,0.0000000000
931,0.0008938557
2076,0.0009211823
811,0.0000145073
892,0.0000312424
1317,0.0000060946
2212,0.0000060946
2643,0.0000223907
2646,0.0000223907
44,0.0000000000
531,0.0000337351
761,0.0000254642
808,0.0000254141
1375,0.0000398878
45,0.0000000000
75,0.0000012692
159,0.0000012692
386,0.0000012692
613,0.0000498744
1004,0.0000117413
1091,0.0000128870
1919,0.0000222200
2051,0.0000377735
2063,0.0000837328
2064,0.0000012692
46,0.0000000000
142,0.0000209508
535,0.0018620918
2282,0.0000668993
2477,0.0017139456
47,0.0000000000
203,0.0000072888
767,0.0000035535
1041,0.0000036128
1090,0.0000061660
2023,0.0000159315
2133,0.0000032216
2413,0.0005090812
48,0.0000000000
374,0.0000365043
518,0.0000403848
614,0.0005878842
615,0.0005799430
616,0.0005833031
703,0.0000621821
756,0.0000403377
1035,0.0000409059
1037,0.0000413300
1079,0.0000367730
1225,0.0000444705
1593,0.0000416436
1600,0.0000408722
1907,0.0000601433
1912,0.0000365043
2001,0.0000999295
2021,0.0000370788
2077,0.0005842025
2152,0.0000369941
2201,0.0000374636
2253,0.0000419857
2331,0.0000367130
2652,0.0000365043
49,0.0000000000
91,0.0004850054
443,0.0005043414
671,0.0004904285
711,0.0005269178
900,0.0004909201
919,0.0004850054
1120,0.0005146768
1199,0.0005010296
1385,0.0004980385
1407,0.0005321719
1947,0.0005527994
2175,0.0015188717
2187,0.0005010296
2218,0.0005113226
2236,0.0004999037
2591,0.0005010296
50,0.0000000000
399,0.0000378131
639,0.0004827062
1222,0.0000160242
1493,0.0000231874
1962,0.0004637153
2009,0.0000330941
2040,0.0000684710
2078,0.0000990507
2274,0.0000628990
2295,0.0000292604
51,0.0000000000
53,0.0000006440
885,0.0000083364
1253,0.0000033580
1254,0.0000088460
1266,0.0000011536
1336,0.0000006440
1443,0.0000083364
1580,0.0000086415
1814,0.0000011536
1816,0.0000091661
1817,0.0000090494
1844,0.0000089984
2163,0.0000083841
2422,0.0000084323
2426,0.0000088460
2482,0.0000084888
2518,0.0000088460
2555,0.0000008009
2585,0.0000011536
52,0.0000000000
161,0.0000000000
2233,0.0000000000
175,0.0000076924
568,0.0000076924
1210,0.0000078199
1268,0.0000077637
1577,0.0000078982
1578,0.0000084077
1579,0.0000112378
1592,0.0000077923
1678,0.0000076924
1681,0.0001313365
1855,0.0001373604
1981,0.0000078479
2120,0.0000124747
2281,0.0000077364
2508,0.0000085063
54,0.0000000000
55,0.0000001816
56,0.0000048062
103,0.0000048062
1400,0.0000110973
2043,0.0000048336
2246,0.0000062227
886,0.0000110052
1302,0.0000109157
1496,0.0000047410
2141,0.0000109781
2206,0.0000112492
2287,0.0000106656
2520,0.0000046958
57,0.0000000000
234,0.0000004841
752,0.0000004841
1445,0.0000826962
2256,0.0000015031
482,0.0004651421
1059,0.0018514136
1300,0.0004650954
2024,0.0004649758
59,0.0000000000
97,0.0000031783
283,0.0000031783
334,0.0000113389
457,0.0000065918
1245,0.0000036049
1446,0.0005035678
1549,0.0000065918
1550,0.0000066295
204,0.0000093902
930,0.0000105682
1239,0.0000054572
809,0.0000001673
1000,0.0000001682
1996,0.0000005047
744,0.0000052609
932,0.0000159235
788,0.0000108525
789,0.0000053717
909,0.0000080603
1497,0.0000054334
2612,0.0000056038
64,0.0000000000
101,0.0000014028
1003,0.0000017322
1335,0.0000000981
2071,0.0000001754
65,0.0000000000
66,0.0000011703
287,0.0000013167
544,0.0000011703
916,0.0000013167
1044,0.0000836339
1113,0.0000065162
1373,0.0000280285
1377,0.0000013244
1467,0.0000016460
1532,0.0000016460
1705,0.0000152198
2013,0.0000012825
2326,0.0000015080
2455,0.0000452475
286,0.0000001464
67,0.0000000000
829,0.0000612720
1121,0.0017624512
1270,0.0000225331
68,0.0000000000
139,0.0000114391
141,0.0005698283
157,0.0000152725
500,0.0000151207
719,0.0000115097
1159,0.0000152725
1332,0.0000271599
1465,0.0000746027
2005,0.0000285321
2237,0.0000260884
2244,0.0000152857
2601,0.0000152857
2654,0.0000151207
69,0.0000000000
186,0.0000287503
516,0.0000329447
534,0.0017233717
554,0.0000287503
741,0.0000362040
972,0.0000321373
1070,0.0000346924
1402,0.0000460346
1473,0.0000340248
1770,0.0000344941
2167,0.0000295376
2314,0.0000436285
2352,0.0000292916
2418,0.0000291756
2488,0.0000444880
2510,0.0000333761
70,0.0000000000
1899,0.0000187094
1940,0.0001083638
2142,0.0000226681
2435,0.0000191535
2498,0.0000172787
71,0.0000000000
72,0.0000000000
118,0.0029353143
158,0.0021828934
290,0.0021828934
382,0.0021828934
383,0.0039564767
391,0.0022865459
410,0.0029721733
449,0.0021828934
453,0.0021828934
469,0.0021828934
484,0.0021828934
502,0.0022234833
508,0.0034837734
510,0.0022260320
638,0.0021964533
689,0.0023150001
753,0.0021984387
805,0.0044672441
848,0.0022269706
875,0.0023962307
888,0.0021828934
964,0.0021828934
1013,0.0021957163
1065,0.0021984189
1166,0.0022365564
1441,0.0022244429
1447,0.0022362356
1480,0.0022094096
1486,0.0022352169
1699,0.0022397005
1771,0.0021828934
1886,0.0021828934
1986,0.0022856563
2008,0.0021954436
2045,0.0021954431
2062,0.0022150024
2117,0.0021954431
2299,0.0021828934
2309,0.0021970533
2319,0.0021954580
2362,0.0021956714
2429,0.0021953714
2430,0.0022086506
2432,0.0022086506
2503,0.0022479825
2587,0.0021954565
2600,0.0023735576
2616,0.0023735576
2701,0.0023735576
73,0.0000000000
78,0.0017031154
132,0.0016830769
182,0.0017263081
185,0.0016830769
199,0.0022414661
305,0.0018302355
345,0.0024332986
536,0.0016830769
538,0.0024201878
610,0.0018948588
696,0.0018406975
697,0.0038479822
716,0.0017806979
734,0.0022846973
913,0.0017593484
1152,0.0016926977
1304,0.0018302355
1389,0.0017638117
1926,0.0017129607
1999,0.0017378812
2000,0.0017378733
2020,0.0024486055
2134,0.0016926977
2165,0.0016926977
2356,0.0017277507
2649,0.0022414661
74,0.0000000000
350,0.0000678094
1516,0.0000456403
77,0.0000121009
79,0.0000121009
1181,0.0000278824
1329,0.0000338358
1507,0.0000150265
1901,0.0000343576
2305,0.0000321395
76,0.0000000000
1647,0.0000279063
949,0.0000141987
537,0.0000041439
879,0.0005438502
2082,0.0000443390
80,0.0000000000
472,0.0000407175
1368,0.0000412884
1420,0.0005732337
1878,0.0000403135
1938,0.0000405453
2088,0.0000682712
2129,0.0009789071
82,0.0000000000
100,0.0000003974
354,0.0000000182
772,0.0000027924
83,0.0000000000
1975,0.0000305347
2156,0.0000007071
2222,0.0000301869
84,0.0000000000
418,0.0000453439
587,0.0001316546
917,0.0000357041
1444,0.0000284690
1509,0.0000340598
2087,0.0000277207
211,0.0000807348
243,0.0000964406
521,0.0000831312
742,0.0000811964
962,0.0000821354
970,0.0000822058
971,0.0000925782
1080,0.0000807348
1123,0.0009125273
1438,0.0000984375
1471,0.0000986671
1799,0.0000816686
1849,0.0000812251
1892,0.0000826825
1939,0.0001310226
1955,0.0001255300
2119,0.0000839368
2506,0.0000970001
2507,0.0001048150
2561,0.0000811964
2628,0.0000824018
477,0.0000174813
686,0.0000169259
691,0.0000165215
873,0.0000182964
953,0.0000226100
1272,0.0000623715
1851,0.0000163337
1952,0.0000165215
2265,0.0000183616
2559,0.0000163337
2589,0.0000439489
87,0.0000000000
1920,0.0000000000
121,0.0007524209
261,0.0007524209
262,0.0007744083
1356,0.0007567220
1676,0.0020135854
2239,0.0020250958
2414,0.0021789510
222,0.0000000000
1031,0.0000043846
1032,0.0000044097
1460,0.0000466338
1487,0.0000044097
1990,0.0000119049
2335,0.0000078830
95,0.0000040129
223,0.0000089030
314,0.0000123709
1472,0.0000171443
193,0.0000026060
229,0.0000194164
237,0.0000193037
389,0.0000053324
578,0.0000084637
736,0.0000030379
786,0.0000035869
902,0.0000026060
1099,0.0000147276
1905,0.0000016535
2044,0.0000019724
2112,0.0000033435
2653,0.0000024862
94,0.0000000000
171,0.0000000000
528,0.0000064576
96,0.0000000000
98,0.0000004515
99,0.0000006440
413,0.0000008307
1328,0.0000001925
1432,0.0000003835
2264,0.0000001925
2384,0.0000001925
1140,0.0000001866
797,0.0000512553
928,0.0000003293
1042,0.0000003433
1410,0.0000003293
1479,0.0000003313
1985,0.0000003293
102,0.0000000000
1015,0.0000137023
1016,0.0000181399
1050,0.0000155184
2619,0.0000129707
779,0.0000086731
1046,0.0000061988
1884,0.0000062701
104,0.0000000000
2351,0.0000017622
2424,0.0000001664
106,0.0000000000
646,0.0000095637
1908,0.0000081710
2202,0.0000054808
108,0.0000000000
1082,0.0000038805
1527,0.0000075622
1595,0.0000076054
109,0.0000000000
230,0.0000165756
407,0.0000146665
673,0.0000033455
1433,0.0000068665
2036,0.0000040906
111,0.0000000000
1781,0.0000087553
1783,0.0012811980
1784,0.0000088638
1785,0.0000095870
1788,0.0000250206
2692,0.0000510637
2693,0.0000510637
113,0.0001064836
2007,0.0027688335
2029,0.0032263127
128,0.0021282634
337,0.0014426466
877,0.0001861727
2016,0.0014379038
116,0.0000000000
166,0.0013076617
1127,0.0001013394
2155,0.0000540588
210,0.0000897717
329,0.0001094068
1451,0.0020047825
2255,0.0001895605
802,0.0000691846
2638,0.0000526682
120,0.0000000000
190,0.0029223567
866,0.0001040148
958,0.0000554872
959,0.0000561144
1153,0.0000595469
1226,0.0000573963
2048,0.0013425859
437,0.0000630756
248,0.0012611645
299,0.0013005164
376,0.0013124898
1087,0.0012779521
1195,0.0012611645
1237,0.0013096105
1277,0.0013096921
1355,0.0012611645
1409,0.0012982075
1671,0.0013096921
1672,0.0013466458
1987,0.0019784604
2070,0.0013172678
2093,0.0012683738
2122,0.0013499715
2124,0.0013324121
2200,0.0013499715
2276,0.0013354404
2290,0.0013144631
2345,0.0012687261
2383,0.0012904640
2387,0.0013499095
136,0.0006538462
431,0.0006576670
852,0.0006965013
869,0.0006614601
2170,0.0006538462
2620,0.0015719483
125,0.0000000000
1252,0.0000542341
126,0.0000000000
430,0.0001028764
129,0.0000000000
207,0.0000001279
819,0.0000221153
2296,0.0000001279
2411,0.0000001279
130,0.0000000000
174,0.0000041906
338,0.0000007874
595,0.0000126307
1265,0.0000173294
131,0.0000000000
344,0.0000040900
2054,0.0000004107
2262,0.0000004110
2602,0.0006139972
2609,0.0006139972
2632,0.0006139972
2659,0.0006139972
133,0.0000000000
1057,0.0000190296
1415,0.0000140998
1517,0.0000309595
134,0.0000000000
2114,0.0000131376
135,0.0000000000
1993,0.0000091933
2104,0.0004353969
137,0.0000116659
202,0.0000116659
434,0.0000518832
1790,0.0001128336
1880,0.0001005996
1933,0.0005227347
138,0.0000000000
198,0.0000101377
1924,0.0000101979
355,0.0005262000
946,0.0000193204
1143,0.0000040737
1553,0.0000041127
140,0.0000000000
197,0.0000322563
617,0.0000322563
633,0.0000622784
813,0.0053291392
1405,0.0000328672
2419,0.0000322563
2647,0.0000329316
154,0.0000066664
2250,0.0000106335
381,0.0000128051
473,0.0000128791
839,0.0000365683
143,0.0000000000
145,0.0000001018
1406,0.0000176068
2094,0.0000002072
144,0.0000000000
679,0.0004904948
891,0.0004960820
2184,0.0004904948
146,0.0000000000
1831,0.0000184469
147,0.0000000000
1102,0.0000012801
1357,0.0000029095
1364,0.0000017833
1380,0.0000012326
1440,0.0000300115
1482,0.0000074589
2195,0.0000120787
2306,0.0000009537
148,0.0000000000
451,0.0000015958
618,0.0000488800
619,0.0000493973
1365,0.0000021489
1980,0.0000425600
149,0.0000000000
150,0.0000008365
242,0.0000147950
796,0.0000017473
979,0.0000008365
1477,0.0000164619
2285,0.0000160577
1125,0.0000140382
1319,0.0000142191
1778,0.0000152971
2193,0.0000141257
2497,0.0000142938
2593,0.0000154951
2691,0.0000152046
1741,0.0000017231
1742,0.0000016669
1818,0.0000016669
1965,0.0000016669
2450,0.0000016669
2665,0.0000310443
346,0.0000038334
1370,0.0000090762
661,0.0000000317
662,0.0000000317
663,0.0000010341
1424,0.0000037329
2153,0.0000007113
2217,0.0000000421
155,0.0000000000
702,0.0000293439
896,0.0000052428
898,0.0000269309
2166,0.0000052727
156,0.0000000000
2188,0.0000005262
641,0.0000017287
1386,0.0000359934
160,0.0000000000
2260,0.0000000000
277,0.0000010348
647,0.0000010238
2541,0.0001206583
162,0.0000000000
1857,0.0000248143
2565,0.0000052577
164,0.0000000000
1856,0.0000165547
2026,0.0000516925
167,0.0000000000
439,0.0000002731
867,0.0000389133
870,0.0000002762
1072,0.0000002762
1418,0.0000041273
2657,0.0000041747
169,0.0000000000
170,0.0000000000
799,0.0000000000
800,0.0000000000
1052,0.0000000000
1379,0.0000000000
2271,0.0000000000
2642,0.0000000000
1457,0.0000000000
2125,0.0000000000
2468,0.0000000000
1381,0.0000000000
2574,0.0000000000
172,0.0000000000
398,0.0000217890
914,0.0000361564
218,0.0005227968
375,0.0005456716
648,0.0005227968
690,0.0005227968
1018,0.0005288427
1648,0.0005459324
2055,0.0005290843
2099,0.0005326724
2355,0.0005348887
2513,0.0005402142
2645,0.0005561768
2670,0.0005288427
737,0.0000026320
776,0.0000058257
1030,0.0000026551
2241,0.0000028058
176,0.0000000000
1045,0.0000000000
1119,0.0000000000
1820,0.0000000000
664,0.0000000000
1149,0.0000000000
1257,0.0000000000
2512,0.0000000000
178,0.0000000000
238,0.0004493764
513,0.0008848222
179,0.0000000000
180,0.0000000000
524,0.0000035802
1092,0.0000004591
1925,0.0000767306
181,0.0000000000
205,0.0000296641
404,0.0004871434
631,0.0000305665
672,0.0000296641
837,0.0000298337
893,0.0000300082
1132,0.0000310195
1371,0.0000336756
1500,0.0000301856
717,0.0000201479
1442,0.0037977474
1654,0.0028254685
1861,0.0009330550
2395,0.0023890221
188,0.0000000000
1957,0.0014788345
2300,0.0010062470
2621,0.0034023610
2668,0.0034023610
189,0.0000000000
2252,0.0014665088
2666,0.0010012533
2617,0.0014559671
191,0.0000000000
2527,0.0000002318
192,0.0000000000
280,0.0001634885
901,0.0000028021
194,0.0000000000
1296,0.0000000000
1927,0.0000000000
195,0.0000000000
468,0.0000000073
1688,0.0000006442
2425,0.0000006368
196,0.0000000000
485,0.0004413226
793,0.0013830071
795,0.0014097692
2243,0.0004792605
2634,0.0000038521
445,0.0000000142
940,0.0001491544
1103,0.0001471586
1221,0.0001480100
1823,0.0001471586
200,0.0000000000
226,0.0000014270
406,0.0000014270
735,0.0000135278
981,0.0000116704
1292,0.0000044853
596,0.0000040829
1307,0.0000040829
2145,0.0000041062
2254,0.0000041062
357,0.0000231881
358,0.0000234555
556,0.0000099518
1216,0.0000102902
1936,0.0000235895
206,0.0000000000
463,0.0000004254
464,0.0000004462
465,0.0000004643
569,0.0000013471
1192,0.0000018173
1803,0.0000013835
1928,0.0000004254
2035,0.0000050475
2391,0.0000013654
461,0.0000231356
593,0.0000231356
1151,0.0001088438
1295,0.0000077091
2704,0.0000077091
1929,0.0000024917
540,0.0000005151
212,0.0000000000
384,0.0000000000
1185,0.0000000000
2405,0.0000000000
2487,0.0000000000
213,0.0000000000
215,0.0000031192
214,0.0000000000
217,0.0000000000
1234,0.0000066861
2332,0.0000036816
216,0.0000000000
570,0.0000038677
576,0.0000038677
1220,0.0000069193
219,0.0000000000
342,0.0000155923
2323,0.0000003317
220,0.0000000000
228,0.0000005288
341,0.0000117802
1076,0.0000006410
221,0.0000000000
225,0.0000001971
231,0.0000001971
2105,0.0000037622
2229,0.0000014513
441,0.0000130330
442,0.0000130330
444,0.0000130330
860,0.0000466053
1094,0.0000131080
1241,0.0000141604
1374,0.0000160727
1911,0.0000159904
2004,0.0000133882
2194,0.0000130330
2650,0.0000131075
224,0.0000000000
392,0.0000000000
628,0.0000237197
2027,0.0000146894
2483,0.0004910203
2499,0.0000033754
935,0.0000011513
864,0.0000076009
232,0.0000001648
895,0.0000168796
233,0.0000000000
1260,0.0000000000
922,0.0000010018
1097,0.0000010018
1228,0.0000010076
1453,0.0000016225
2610,0.0000023708
2669,0.0000023708
235,0.0000000000
289,0.0005210524
291,0.0004969761
293,0.0005037211
236,0.0000000000
295,0.0000155453
1083,0.0000111871
294,0.0000062783
2484,0.0004672652
512,0.0005030039
240,0.0000000000
652,0.0025028930
657,0.0045293868
695,0.0044986438
700,0.0053643774
993,0.0052968829
1462,0.0030339739
1562,0.0025850153
1567,0.0025028930
1914,0.0025028930
1964,0.0053643774
1970,0.0026867453
2037,0.0052277324
969,0.0000002782
245,0.0000000000
328,0.0000002714
456,0.0000000758
483,0.0000000059
944,0.0000006901
246,0.0000000000
1882,0.0000000000
249,0.0000000000
250,0.0000000000
251,0.0000000070
1969,0.0000012305
252,0.0000003168
1010,0.0000541872
1229,0.0000009171
1412,0.0000009067
1459,0.0000009304
253,0.0000000000
254,0.0000000000
255,0.0000000000
256,0.0000027585
257,0.0000027585
801,0.0004563271
814,0.0000234972
967,0.0009017295
1903,0.0013525442
2171,0.0009146894
258,0.0004328299
1361,0.0008860268
549,0.0004574792
260,0.0000000000
523,0.0000031211
264,0.0000000000
265,0.0000000000
2321,0.0000082942
266,0.0000000000
498,0.0000000000
267,0.0000000000
880,0.0058599047
883,0.0041170598
1748,0.0049638435
2604,0.0125964270
268,0.0000000000
694,0.0000000000
1930,0.0000000001
269,0.0000000000
1711,0.0000000120
270,0.0000000000
271,0.0000000000
273,0.0000000000
490,0.0000000000
757,0.0000000000
1931,0.0000000000
1942,0.0000000000
272,0.0000000000
2227,0.0000000000
274,0.0000000000
1274,0.0000003706
1932,0.0000008942
275,0.0000000000
655,0.0000149289
681,0.0000003902
1602,0.0000171566
1991,0.0000202762
2603,0.0000150134
276,0.0000000000
634,0.0000000110
466,0.0000034744
278,0.0000000000
620,0.0000000012
976,0.0000000012
1320,0.0000000012
279,0.0000000000
377,0.0000005015
475,0.0000005015
1819,0.0000005072
507,0.0000006791
557,0.0000022704
1138,0.0000006791
1217,0.0000006753
1233,0.0000035777
281,0.0000000000
284,0.0000002321
1139,0.0000002942
2072,0.0000002348
2215,0.0000002361
2173,0.0000000013
285,0.0000000000
1101,0.0000271958
1522,0.0000191635
1768,0.0000057324
1828,0.0000058072
1163,0.0000188259
1164,0.0000139031
2440,0.0000137273
288,0.0000000000
629,0.0000087914
1081,0.0000248759
1474,0.0000088425
567,0.0000025030
1982,0.0004378781
2400,0.0000027398
292,0.0000000000
1331,0.0000069563
1960,0.0004421201
2160,0.0000067838
2283,0.0004738236
915,0.0004353751
2069,0.0004406037
2240,0.0004430796
296,0.0000000000
985,0.0000000120
1701,0.0000000118
1710,0.0000000118
1713,0.0000000338
1714,0.0000000453
1721,0.0000000454
1722,0.0000000227
1740,0.0000000471
2441,0.0000000227
2451,0.0000000458
2457,0.0000000119
2462,0.0000000352
297,0.0000000000
2598,0.0000000001
2633,0.0000000001
298,0.0000000000
865,0.0000135807
1156,0.0000136583
2317,0.0004715776
511,0.0000008137
2614,0.0000009001
300,0.0000000000
301,0.0000000000
303,0.0000000000
304,0.0000000000
306,0.0000000000
2022,0.0000219958
307,0.0000000000
1284,0.0000000000
308,0.0000000000
309,0.0000000000
310,0.0000000000
830,0.0000000005
311,0.0000000000
1469,0.0000000792
2015,0.0000000005
409,0.0000459378
2641,0.0000005051
315,0.0000000000
448,0.0000269621
1525,0.0000003549
1526,0.0000003570
316,0.0000000000
835,0.0000443008
317,0.0000000000
318,0.0000000948
758,0.0000165894
720,0.0000329463
798,0.0000061970
911,0.0000329463
1131,0.0000102148
2115,0.0000062413
319,0.0000000000
320,0.0000003615
321,0.0000000000
347,0.0000007869
2002,0.0000043013
322,0.0000000000
1508,0.0000000045
323,0.0000000000
324,0.0000000000
325,0.0000086744
326,0.0000000000
2629,0.0009181020
1196,0.0004658008
1617,0.0000882805
1621,0.0000383677
1622,0.0014427040
1802,0.0000080533
2662,0.0000000699
725,0.0001335129
977,0.0001209498
1276,0.0030617578
1677,0.0001196287
1761,0.0001394410
1763,0.0001394410
1872,0.0001189487
1873,0.0001204065
1874,0.0001211799
1889,0.0001196326
2359,0.0001189487
2475,0.0001418600
330,0.0000000000
380,0.0000027427
546,0.0000468199
331,0.0000000000
332,0.0000000718
530,0.0000000718
704,0.0000028069
846,0.0000035623
862,0.0000002923
939,0.0000034135
1064,0.0000198015
1548,0.0000034135
2053,0.0000034135
2157,0.0000037573
2179,0.0000061820
2186,0.0000034135
2225,0.0000034135
2420,0.0000034135
2421,0.0000034135
2576,0.0000034135
2597,0.0000063476
2671,0.0000034135
2672,0.0000034135
2673,0.0000034135
336,0.0000000000
514,0.0000456619
745,0.0000441178
339,0.0000067318
1436,0.0000240944
2014,0.0000067318
2219,0.0000105479
2209,0.0000038450
2269,0.0000072774
343,0.0000000000
2336,0.0000034153
348,0.0000000000
349,0.0000001521
1352,0.0000081651
1358,0.0000132636
2168,0.0000050317
2181,0.0000001521
2174,0.0000199143
352,0.0000000000
353,0.0018741824
1067,0.0042655885
1282,0.0038157874
1492,0.0018741824
1644,0.0019232167
1935,0.0019232167
2032,0.0028575118
2349,0.0019232167
533,0.0000111976
2350,0.0000086022
773,0.0000134624
856,0.0000132363
920,0.0000169925
921,0.0000169322
2268,0.0000185907
2084,0.0000151478
360,0.0000000000
363,0.0000009458
361,0.0000000000
362,0.0000000000
364,0.0000000000
497,0.0000007328
632,0.0000003535
365,0.0000000000
2030,0.0000039275
366,0.0000000000
367,0.0000000000
766,0.0000000000
1026,0.0000000000
1028,0.0000000000
709,0.0000000009
765,0.0000000031
834,0.0000000023
1024,0.0000000032
1027,0.0000000024
1038,0.0000000024
2172,0.0000000001
368,0.0000000000
710,0.0000456723
1297,0.0000015951
1976,0.0000461883
2101,0.0000016043
1085,0.0000196317
1235,0.0000415529
373,0.0000000000
817,0.0000102444
897,0.0000102444
1165,0.0000102444
2639,0.0000105131
1887,0.0000010345
2095,0.0000000059
378,0.0000000000
1937,0.0000000000
2636,0.0000000000
379,0.0000000000
698,0.0000440772
874,0.0000444337
982,0.0000440772
1068,0.0000443306
1069,0.0000444206
1208,0.0000778838
1782,0.0000822678
2010,0.0000443291
2291,0.0000449807
2436,0.0000445926
2686,0.0000445932
494,0.0000008506
547,0.0000008882
1950,0.0000019594
2116,0.0000140510
676,0.0001637605
1340,0.0000131461
1434,0.0000132216
1258,0.0000000000
1073,0.0000329135
2676,0.0028772120
1698,0.0000037947
1959,0.0000032419
2279,0.0000078677
2324,0.0000032604
387,0.0000000000
579,0.0000085789
388,0.0000000000
623,0.0000002380
1118,0.0000035210
2073,0.0000035615
2263,0.0000035615
562,0.0000000039
563,0.0000000039
1286,0.0000000289
393,0.0000000000
395,0.0000000000
396,0.0000000000
397,0.0000000000
575,0.0000000000
2376,0.0004555204
401,0.0000000000
402,0.0000000000
403,0.0000105774
1601,0.0000260532
2357,0.0000105774
405,0.0000107193
2102,0.0000005487
408,0.0000000000
411,0.0000075117
1800,0.0000155591
1801,0.0000075117
1948,0.0000068666
747,0.0000099101
1388,0.0000075616
416,0.0000000000
417,0.0000000000
2608,0.0000000000
420,0.0000000000
656,0.0014011854
1372,0.0020152314
1551,0.0014011854
424,0.0000000000
923,0.0019960278
954,0.0014019184
426,0.0000000000
427,0.0000000000
963,0.0000141599
429,0.0000000000
760,0.0000000842
872,0.0000000842
1193,0.0000000842
658,0.0000166376
682,0.0028937300
438,0.0000000000
2627,0.0000167876
1008,0.0000044199
2583,0.0000039203
440,0.0000000000
474,0.0000000000
1095,0.0000000754
1586,0.0004382257
1643,0.0027333473
447,0.0000000000
1107,0.0000271224
2304,0.0000000000
2312,0.0000000000
450,0.0000155254
1006,0.0000155254
1455,0.0000160845
2111,0.0004455863
2278,0.0000155254
452,0.0000000000
1093,0.0000000000
1066,0.0000457085
459,0.0000000000
460,0.0000000000
601,0.0000003824
462,0.0000000000
1984,0.0004565632
471,0.0000009035
1344,0.0000009035
1804,0.0000009035
1913,0.0000009035
2298,0.0000014666
2398,0.0000009088
2552,0.0000099950
2594,0.0000290134
2599,0.0000290134
2626,0.0000290134
539,0.0000263724
467,0.0000000000
965,0.0000111158
551,0.0000006258
552,0.0000006330
1682,0.0000006258
1683,0.0000006330
1684,0.0000006258
1687,0.0000006443
1689,0.0000006407
726,0.0000000740
727,0.0000000745
470,0.0000000000
844,0.0000003849
1414,0.0000063096
1191,0.0000004063
1547,0.0000131820
2396,0.0000134944
1230,0.0000130213
1205,0.0004720092
1403,0.0004747387
1806,0.0004875751
2680,0.0004747229
820,0.0000005122
1133,0.0000005122
1695,0.0000006092
480,0.0000000000
2516,0.0000004321
481,0.0000000000
2075,0.0000001573
496,0.0000008513
980,0.0000009220
486,0.0000217533
792,0.0000379342
794,0.0000217533
2221,0.0000161809
487,0.0000000000
2083,0.0009020941
491,0.0000000000
492,0.0000000870
493,0.0000001042
764,0.0000001042
833,0.0000026653
841,0.0000001214
1182,0.0000000870
1421,0.0000025848
2012,0.0000026309
2092,0.0000000880
2149,0.0000000880
2164,0.0000001338
2189,0.0000026309
2280,0.0000001228
1227,0.0000000172
580,0.0000000172
1501,0.0034088271
1791,0.0089137614
501,0.0000000000
675,0.0000127831
1124,0.0000127831
1946,0.0000000183
2180,0.0000001028
924,0.0000001087
927,0.0000002694
1511,0.0000001087
678,0.0004785788
1452,0.0004869336
1667,0.0004785494
2370,0.0005303994
559,0.0008689986
1020,0.0000000000
723,0.0000421794
1190,0.0000276152
1439,0.0000410761
1968,0.0000277730
785,0.0000000389
591,0.0000101748
1408,0.0000101748
1167,0.0000003748
522,0.0000000103
1162,0.0000000110
1173,0.0000000180
1597,0.0000006224
1598,0.0000000582
519,0.0000000000
590,0.0000025166
1040,0.0000061895
1309,0.0000025166
520,0.0000000000
955,0.0015629586
1604,0.0020387536
1605,0.0011437883
1609,0.0011191986
1651,0.0011191986
2377,0.0014922403
2399,0.0015441475
2681,0.0011191986
527,0.0000000000
1043,0.0000059078
1086,0.0000000352
1706,0.0000000461
2456,0.0000000354
2458,0.0000001259
529,0.0000000000
1949,0.0000000000
956,0.0000027648
2085,0.0000028093
589,0.0000154758
781,0.0000154758
945,0.0000154758
947,0.0000159498
1194,0.0000161619
2363,0.0000154758
2364,0.0000154758
2365,0.0000168354
849,0.0000002103
541,0.0000135598
724,0.0000010043
625,0.0000050985
626,0.0000051580
1280,0.0000052495
1519,0.0000054054
1529,0.0000052322
1826,0.0000051284
2292,0.0000051277
2697,0.0000051936
2699,0.0000054308
2700,0.0000051624
1056,0.0000007652
548,0.0000000000
957,0.0000004478
1951,0.0000381906
1879,0.0000000186
553,0.0000000000
555,0.0000000000
997,0.0000183030
2127,0.0004877027
1888,0.0000000000
573,0.0022829830
1063,0.0028343860
1155,0.0022829830
560,0.0000000000
2208,0.0000049178
2595,0.0000049178
565,0.0000000000
2185,0.0000006296
566,0.0000000000
2447,0.0000000000
2554,0.0000001214
602,0.0000001640
1214,0.0000001650
571,0.0000000000
1954,0.0000000000
1247,0.0017917171
574,0.0000000000
1298,0.0004792721
1650,0.0013999512
2454,0.0000000000
577,0.0000000000
2431,0.0000068529
1977,0.0000074161
2500,0.0000137930
1956,0.0000000461
582,0.0000000000
1900,0.0005752551
2485,0.0005545549
2613,0.0004666261
1203,0.0000000000
586,0.0000000000
588,0.0000000000
630,0.0000034627
592,0.0000000000
2655,0.0000029716
2644,0.0000031439
597,0.0000000000
598,0.0000000390
2303,0.0000000418
732,0.0000000000
600,0.0000000000
2297,0.0000000000
604,0.0000005899
1353,0.0000005899
605,0.0000000000
607,0.0000000000
608,0.0000000000
1448,0.0000085787
1468,0.0000085787
2540,0.0000256871
1236,0.0000007551
2109,0.0000007595
611,0.0000000000
612,0.0000000000
1793,0.0000005294
1348,0.0000000000
622,0.0000000000
1958,0.0000000000
624,0.0000000000
763,0.0000000000
627,0.0000000595
2537,0.0000001619
635,0.0000000000
636,0.0000000000
637,0.0000000000
1961,0.0000000000
762,0.0000000000
2107,0.0000000000
843,0.0000000125
1483,0.0000000416
642,0.0000000000
1582,0.0019532463
1583,0.0019051515
1584,0.0019959099
1608,0.0009599658
2346,0.0015061783
2348,0.0019959099
2570,0.0009654532
674,0.0037506095
1053,0.0047582306
1490,0.0019196678
1491,0.0037810062
1627,0.0047582306
1629,0.0029752615
2374,0.0019306410
645,0.0000000000
693,0.0018309417
1628,0.0018962623
1635,0.0037156294
1963,0.0000000000
649,0.0000000000
650,0.0000000000
731,0.0000000588
653,0.0006011989
1273,0.0000003445
2224,0.0000003445
2511,0.0009948125
1822,0.0000188528
660,0.0000000000
1261,0.0000000000
1263,0.0000000000
1264,0.0000000000
2706,0.0000000000
665,0.0000000000
832,0.0000002643
2143,0.0000000015
666,0.0000000000
1287,0.0000000000
2131,0.0000000000
1573,0.0008970067
2342,0.0009021342
876,0.0004769731
677,0.0000000000
680,0.0000000000
1430,0.0000000000
683,0.0000000000
684,0.0000000000
685,0.0000000000
857,0.0000002572
1546,0.0000002572
2011,0.0000002586
687,0.0000000000
1294,0.0004931594
1614,0.0004358511
1767,0.0009204354
2481,0.0004409093
688,0.0000000000
2028,0.0000000000
2034,0.0000000000
692,0.0000000000
1360,0.0000000000
858,0.0000219372
859,0.0000219372
1378,0.0000000000
812,0.0000029256
1326,0.0000012847
699,0.0000000000
1973,0.0000000026
701,0.0000000000
705,0.0000000000
708,0.0000000000
1512,0.0000001011
2311,0.0000000317
1058,0.0000000023
1829,0.0000003755
2074,0.0000000023
2203,0.0000000023
2108,0.0000097086
715,0.0000027455
2289,0.0000033228
1417,0.0000000000
718,0.0000000000
1555,0.0000000000
1811,0.0000000000
1813,0.0000000000
2553,0.0000000063
2575,0.0000000000
1978,0.0000000606
926,0.0000002231
1494,0.0000000603
2637,0.0000000603
806,0.0004403200
1506,0.0000027417
722,0.0000000000
816,0.0000000000
989,0.0000006279
2197,0.0000037676
1130,0.0000000580
730,0.0000000000
1544,0.0000000005
2329,0.0000000005
2330,0.0000000000
1429,0.0000000215
733,0.0000000000
1255,0.0000004557
1324,0.0000000079
1144,0.0004273837
1275,0.0000005992
743,0.0000000000
746,0.0000003151
748,0.0000000000
1610,0.0014043362
1652,0.0023101301
1653,0.0032611760
749,0.0000000000
750,0.0000000000
751,0.0000000000
2544,0.0000006878
2214,0.0000000000
754,0.0000000000
755,0.0000000000
1881,0.0000000000
1898,0.0000033930
759,0.0000000000
1172,0.0000001003
1827,0.0000002646
1830,0.0000001348
2539,0.0000001301
1988,0.0000001550
1202,0.0000001541
768,0.0000000000
2248,0.0000002585
2437,0.0000006239
769,0.0000000000
771,0.0000000000
1989,0.0000000000
770,0.0000000000
2018,0.0000000495
774,0.0000000000
905,0.0000000000
2270,0.0000000005
777,0.0000000000
778,0.0000000000
780,0.0000000000
1109,0.0000007268
2361,0.0000009702
782,0.0000000000
2169,0.0000126219
783,0.0000000000
784,0.0000000000
918,0.0000000482
2407,0.0000000540
1658,0.0000031909
2406,0.0000032091
790,0.0000000000
1566,0.0027435986
1777,0.0000000000
1779,0.0000000000
1411,0.0000000556
1413,0.0000000556
2272,0.0000000556
2476,0.0000000559
803,0.0000000000
1023,0.0013347492
1570,0.0143779494
2307,0.0080144365
2339,0.0075380111
2388,0.0075385066
2423,0.0000031650
1998,0.0014025765
1505,0.0013944425
2524,0.0013944425
822,0.0000000000
1673,0.0000319681
1574,0.0054342120
824,0.0000000000
1313,0.0000002101
827,0.0000000000
1122,0.0004578811
2530,0.0004578811
1049,0.0000000000
2140,0.0000000000
2664,0.0000000000
836,0.0000000000
908,0.0000001725
933,0.0000001725
1267,0.0000095560
2176,0.0000095560
2605,0.0000095560
840,0.0000000000
850,0.0000000000
851,0.0000000000
1062,0.0000000179
1337,0.0000000179
1338,0.0000000180
2630,0.0000027628
854,0.0000000000
2098,0.0000027085
952,0.0010002507
863,0.0000000000
868,0.0000000000
871,0.0000000000
1906,0.0000000225
878,0.0000103007
1631,0.0000103007
890,0.0005982794
1391,0.0000000000
887,0.0000000000
1188,0.0000158678
889,0.0000000000
1645,0.0000001715
894,0.0000000000
899,0.0000000000
904,0.0000000096
2689,0.0000000000
1285,0.0019264805
2130,0.0018503652
910,0.0000000000
1774,0.0000026733
1775,0.0000026885
912,0.0000000000
988,0.0000000037
990,0.0000000037
991,0.0000000037
992,0.0000000038
1014,0.0000002112
1137,0.0000002112
1347,0.0000002125
1189,0.0000000924
1915,0.0000001641
2031,0.0000000086
1589,0.0009769587
2677,0.0009828206
925,0.0000001606
1376,0.0000003224
2528,0.0000000058
1795,0.0000001630
929,0.0000000000
1395,0.0000052005
1310,0.0000000000
934,0.0000000000
2231,0.0000000000
936,0.0000000000
938,0.0000000000
942,0.0000000000
2301,0.0000000000
943,0.0000000000
2038,0.0000000000
948,0.0000000000
2039,0.0000000000
950,0.0000000000
1495,0.0000110121
2161,0.0000000000
960,0.0000000000
961,0.0000000000
2273,0.0000125497
966,0.0000000000
2065,0.0000129600
968,0.0000000000
1301,0.0000000230
1321,0.0000000230
2588,0.0000013459
974,0.0000000000
2068,0.0000000077
975,0.0000000000
2606,0.0000000000
1051,0.0000025473
2702,0.0000206094
983,0.0000000000
1171,0.0004588106
2235,0.0004588106
2316,0.0004588106
984,0.0000000000
986,0.0000000000
987,0.0000000000
2046,0.0000000000
1739,0.0000000227
994,0.0000000000
1281,0.0000000511
1464,0.0000000511
2147,0.0000000511
995,0.0000000000
996,0.0000000000
2049,0.0000000010
2266,0.0000000010
1001,0.0000000000
1883,0.0000002534
1007,0.0000000000
1009,0.0000000000
1012,0.0000000000
1017,0.0000000741
1019,0.0000000000
2052,0.0000000000
1498,0.0000000000
1022,0.0000000000
1115,0.0004693736
1485,0.0009074009
1025,0.0000000000
2551,0.0000000794
1033,0.0000000000
1036,0.0000004241
1039,0.0000000000
2211,0.0000032803
2459,0.0000000898
2687,0.0000000903
1666,0.0000000000
1047,0.0000000000
1146,0.0000000871
2057,0.0000000871
1885,0.0000025331
2467,0.0000025331
1147,0.0000000000
1148,0.0000000000
1502,0.0004439349
1060,0.0000000000
2478,0.0004490419
1242,0.0000004478
1642,0.0004766025
2371,0.0004766025
2560,0.0004657670
1071,0.0000000000
1359,0.0000000000
1764,0.0000000000
2059,0.0000000970
2504,0.0000163623
1075,0.0000000000
1314,0.0004352378
2061,0.0004352378
1077,0.0000000000
2286,0.0000000000
2257,0.0000000000
1904,0.0000000224
1596,0.0004860988
1533,0.0000000020
1534,0.0000000020
1536,0.0000000020
1537,0.0000000020
1538,0.0000000020
1540,0.0000000020
1734,0.0000000020
2449,0.0000000020
1088,0.0000000000
1089,0.0000000000
2106,0.0000000000
2531,0.0000000000
2433,0.0000257572
2523,0.0000257572
1449,0.0000000000
1096,0.0000000000
2205,0.0000000000
1104,0.0000000000
2334,0.0004400366
1105,0.0000000000
1106,0.0000000000
1278,0.0000000000
2618,0.0000000000
2360,0.0000000000
2679,0.0000000000
1111,0.0000000000
1112,0.0000000000
1838,0.0000000000
2067,0.0000000000
1839,0.0000000000
1841,0.0000000000
2547,0.0000000000
1114,0.0000000000
1116,0.0000000000
1117,0.0000000000
1303,0.0000000000
1126,0.0000000000
1556,0.0000000010
1869,0.0000000062
2578,0.0000000010
1134,0.0000007389
1135,0.0000000000
1809,0.0000025797
1847,0.0000030405
1141,0.0000000000
1343,0.0000134211
1142,0.0000000000
2624,0.0000000005
1150,0.0000000000
2086,0.0000000000
2242,0.0000000760
1154,0.0000000000
1766,0.0008954624
2479,0.0009005810
1158,0.0000000000
2089,0.0000000000
2635,0.0000000077
1168,0.0000000000
1169,0.0000000000
2394,0.0000000043
1825,0.0000000337
2538,0.0000000339
1175,0.0004326262
1177,0.0000000000
1178,0.0000000000
1183,0.0000000000
1184,0.0000000000
1657,0.0000000000
1404,0.0000000000
1187,0.0000000000
2705,0.0000127779
1290,0.0000000000
1428,0.0000573083
1718,0.0000000000
1206,0.0000000000
1207,0.0000000000
1716,0.0000112782
1209,0.0000000000
1211,0.0000000000
1674,0.0000032388
1675,0.0000032020
1865,0.0000032020
1866,0.0004281610
1897,0.0000032388
2415,0.0000032020
2416,0.0000032020
2338,0.0022951216
2401,0.0023461580
1223,0.0000000000
2103,0.0000000000
1224,0.0000000000
1231,0.0000000000
2198,0.0000375979
1232,0.0000000000
2615,0.0000000000
1240,0.0000000000
2110,0.0000000000
1552,0.0004350345
1243,0.0000000000
1244,0.0000000000
1246,0.0000000000
2275,0.0000125497
2368,0.0008939266
1249,0.0000000000
1250,0.0000000000
1815,0.0000005096
1871,0.0000032480
2529,0.0000005125
2651,0.0000000000
1259,0.0000000000
2121,0.0000000000
1679,0.0000000000
1262,0.0000000000
1810,0.0000000000
1271,0.0000000000
2126,0.0000000000
1283,0.0000000000
2267,0.0009014663
1289,0.0000000000
1293,0.0000000000
1308,0.0000000000
1311,0.0000000000
1312,0.0000000000
2579,0.0004514857
1316,0.0000000000
1393,0.0000000161
1325,0.0000000000
1369,0.0000000000
1327,0.0000000000
2158,0.0000000220
1805,0.0000000388
1333,0.0000000000
1334,0.0000000000
2631,0.0000027295
1341,0.0000002360
1569,0.0000192445
1346,0.0000000000
2663,0.0022451232
1354,0.0000000000
1588,0.0000109528
1484,0.0000000000
2522,0.0000128564
1366,0.0000000000
2623,0.0000000000
1712,0.0004274120
2448,0.0004274120
2582,0.0000000000
1382,0.0000000000
1383,0.0000000000
1384,0.0000000000
2190,0.0000000000
2191,0.0000000000
1387,0.0000000000
2216,0.0000000000
1416,0.0000000000
1419,0.0000000000
1840,0.0000000000
1843,0.0000000000
2226,0.0000000000
1422,0.0000000000
1454,0.0000000000
1423,0.0000000000
1425,0.0000000000
1426,0.0000000000
1466,0.0000000000
1427,0.0000000000
2232,0.0000000000
1431,0.0000000000
2238,0.0000000000
1437,0.0000000000
1798,0.0000009450
2543,0.0000027292
1680,0.0000000000
1456,0.0000000000
2695,0.0000000000
1463,0.0000000000
1475,0.0000000000
1983,0.0000000000
1476,0.0000000000
1780,0.0000000000
2502,0.0000000000
1737,0.0000000000
2284,0.0000000000
1488,0.0000000000
2288,0.0000000000
1489,0.0000000000
2372,0.0000000000
2471,0.0019470370
2690,0.0019581666
1576,0.0014450632
1751,0.0019480546
2308,0.0009384734
2310,0.0000000000
2313,0.0000000000
1514,0.0000000000
2315,0.0000000000
1520,0.0000000000
1794,0.0000000000
2515,0.0000000000
1521,0.0000000000
1523,0.0000001054
1524,0.0000000000
2322,0.0000000000
1535,0.0000000000
1541,0.0000000000
1746,0.0000000000
1539,0.0000000000
1542,0.0000000000
2327,0.0000000000
2328,0.0000000000
1543,0.0000000000
2333,0.0000024234
2580,0.0000000053
1623,0.0009057939
2489,0.0000025808
2340,0.0000000000
1581,0.0000000994
2678,0.0000485255
1585,0.0000000000
2366,0.0004905100
2373,0.0004905100
1624,0.0004350827
1625,0.0004375698
1591,0.0000000000
2353,0.0000000000
1594,0.0000000000
1606,0.0000000000
1607,0.0000000000
1619,0.0000000000
1612,0.0000000000
2378,0.0000281705
1615,0.0000000000
1616,0.0000000000
1630,0.0000001620
2675,0.0000001629
1632,0.0000000000
1634,0.0000000000
2380,0.0000000000
1636,0.0000000000
2382,0.0000000000
1637,0.0000000000
1646,0.0000000000
2389,0.0000433393
2390,0.0000433393
1649,0.0000000000
2393,0.0000000000
1656,0.0000000000
2684,0.0000000000
1659,0.0000000000
1660,0.0000000000
2408,0.0000000000
1661,0.0000000000
2409,0.0000000000
1662,0.0000000000
2410,0.0000000000
1663,0.0000000000
1664,0.0000000000
1665,0.0000000000
2412,0.0000000000
2685,0.0000000000
1668,0.0000000000
1669,0.0000000000
1685,0.0000000000
1686,0.0000000000
1700,0.0000000000
2438,0.0000000000
2439,0.0000000000
2453,0.0000000000
1702,0.0000000000
1703,0.0000000000
1726,0.0000000110
1704,0.0000000000
1707,0.0000000000
1728,0.0000000000
2442,0.0000000000
1715,0.0000000229
1733,0.0000000114
1738,0.0000000114
1743,0.0000000116
1744,0.0000000116
2443,0.0000000114
2460,0.0000000120
2466,0.0000000229
1708,0.0000000000
1709,0.0000000000
2444,0.0000000000
2445,0.0000000000
2446,0.0000000000
1727,0.0000000115
1730,0.0000000117
2452,0.0000000116
2461,0.0000000118
2465,0.0000000124
1717,0.0000000000
1719,0.0000000000
1720,0.0000000000
1723,0.0000000000
1732,0.0000000001
1724,0.0000000000
1725,0.0000000000
1729,0.0000000000
2463,0.0000000001
1731,0.0000000000
1736,0.0000000000
2688,0.0000000000
1735,0.0000000007
1745,0.0000000000
2464,0.0000000000
1750,0.0000000000
2469,0.0005082155
1752,0.0000000000
1756,0.0000000000
1757,0.0000000000
1758,0.0000000000
2474,0.0000000000
2473,0.0000000000
1760,0.0000000000
2472,0.0000000000
1765,0.0000000000
1769,0.0000000000
2532,0.0000000000
1772,0.0000000000
2490,0.0000000000
1773,0.0000000000
2494,0.0000000000
2495,0.0000000000
1776,0.0000000000
2496,0.0000000000
2501,0.0000000000
2505,0.0000155373
1787,0.0000000000
2509,0.0000000000
1789,0.0000000000
1792,0.0000000000
2514,0.0000000000
1797,0.0000000000
1807,0.0000000000
2521,0.0000000000
1808,0.0000000000
2534,0.0000000000
1821,0.0000000000
2535,0.0000000000
1824,0.0000000000
2536,0.0000000000
2698,0.0000000310
1833,0.0000000000
1834,0.0000000000
1835,0.0000000000
1837,0.0000000000
2550,0.0000000000
1842,0.0000000000
2590,0.0000000084
1845,0.0000000000
2556,0.0000000000
1846,0.0000000000
1848,0.0000004959
1858,0.0000004987
2568,0.0000004930
2569,0.0000004902
1850,0.0000000000
2557,0.0000000000
1853,0.0000000000
2558,0.0000000313
2566,0.0000002195
1854,0.0000000000
2567,0.0000000630
1859,0.0000000000
2572,0.0000000000
1864,0.0000000000
2577,0.0000000000
1867,0.0000000000
1868,0.0000000000
1870,0.0000000000
2581,0.0000000000
2586,0.0000000000
1877,0.0000148787
1875,0.0000000000
